player,team,status,severity,expected_return,source_index,source_title,confidence,source_link,recorded_at
Nico Paz,Argentina,DOUBT,moderate,,14,Nico Paz Provides Fresh World Cup Injury Update Amid Concerning Claims - Yahoo Sports,0.72,https://news.google.com/rss/articles/CBMihAFBVV95cUxNajJLc0w4YWticWhMTDhMbWFjMWxnZW9rbDE4b01BNHREbG9VTmdDVVZtY0R3ejV1akc3MTlVUEVNMWpXZEUtZnQ3eTdQWUtZWUhSVWNaM2dDaHdlYzA0WlhkTm5CUUlWOVQ0ZDZ6cnhKWDlNRDg5RG1rc1NyWHl1Wmd6UHg?oc=5,2026-06-10T20:49:57.173413
Cho Gue-sung,South Korea,OUT,serious,,40,South Korea defender Cho ruled out of World Cup - Reuters,0.93,https://news.google.com/rss/articles/CBMimgFBVV95cUxNMVltaC0yOXlOQ2tyQUJrYkN4T2VBcng1bVBib2g2Y1FpMnhIQjd0UnhObUpMSHZmU3pwWWhuYlpBblRnTXBib3VuV0UtVXZVTjlFbElhWEZpUEVBeU9Kb0w1YzhoTWdaRWpDY2hhY0djSXBMYmw0UjY3bDVzaXpnMUhqWmhfMnVaaVVuckZ1NUVKNElsQk9FWVJR?oc=5,2026-06-10T20:49:57.173413
Florian Karl,Germany,OUT,moderate,,24,Germany's Karl ruled out of World Cup with muscle tear - Reuters,0.95,https://news.google.com/rss/articles/CBMiogFBVV95cUxOeUhTX3dGLXk2VWdHRkJ0NmJlTjgtaHdsSnN1ZUZoa3VPellCVXhLTGp1dnhxX3BCcERjR1Nzc0kyamExSGRhU3JuMHN4MjlIYUhoMERKd2poZjRhb3VPNEdlc1dzTWZDN0owS0szNnZnWHczU2dxaDhKRlA5c1ktc04zZGM5NHI1alFEZVBKSTJMWFBtdlZvSW1YSXpmbnNNU0E?oc=5,2026-06-10T20:49:57.173413
Julio Enciso,Paraguay,DOUBT,moderate,,10,World Cup 2026: Paraguay attacker Julio Enciso injured in warm-up friendly - BBC,0.9,https://news.google.com/rss/articles/CBMiZ0FVX3lxTE56YU1UZEZnYmhPN1FkbG1hQUx5cjFKeWJkVndXN0NRc0k5SWNTR0t3ay0yQ294UUJGdk1ZeFpxNVJwODA2V3R5NWRXSnpHXzR0NlZ3dUx3c1pOQUNtUmhvSVFLRVJQN1E?oc=5,2026-06-10T21:07:02.626672
Ez Abde,Morocco,DOUBT,moderate,,4,Ez Abde remains with Morocco squad for World Cup amid knee injury concerns - Crypto Briefing,0.88,https://news.google.com/rss/articles/CBMibEFVX3lxTE1zeWhvdVFZUVlDRVZqdHB3ZjVQZDlieC1vZzVoLXJIWnBGZTlBRzJhSElCeTY4T0Y2RVZlVndrQnBBRTdCVm5jOVlfdlVkTkhJVkFkMXBKTml5Y0Q0cHd0YUk3bFBVY2xQV0JGSg?oc=5,2026-06-10T21:07:02.626672
Ibrahim Sabra,Jordan,OUT,serious,,19,[Sportstar] Jordan at FIFA World Cup 2026 — Ibrahim Sabra ruled out of tournament with injury - Sportstar,0.95,https://news.google.com/rss/articles/CBMi5AFBVV95cUxPUWNWeTcxQ19fVDdZcTdiMDFYcGQzUUhMWGJWNXdVamJWTDRnbEpQdlNKODkxSEc3WFJBNnQzclRaN3A5TWFiYmxVekF1YWt3SHF1N2EtMmdGSU1TclpmVGp0M296WVQxUk9wZzMxNE1aQXpWeVF1NzR4eEh0OEF3SGVzOHotbmJkbEduU1VPX2dCRzBLWWFRR21WMnlqR0dOYVdpVjJiWHV5WUxySHhDWDRMVDV2SlMzT1pHQlJwOVZ2cndUc0R6NURDQ2RTS3ctVVViNkFmM0dxRXJQRVVELXNwN3PSAesBQVVfeXFMTjFmZjJJYmNNME42QlNhb0JOTzllQkRPNTRCbkRzcnM3WTVyaXhBX0w3QU1kV1VfeHJrbVVaUGdabXhiWFdrNC05TmV5Z3ZBSkFOMG9PYk9WUFM1QTlDZkNYMjVFQ2tBU3pvMl9ybktRU2FfWkFtY0t2MC1MOFZESG1SYkUwZTVxN2UzTE5hQmgtdGtFSVJxekxpNGY4aVE4dDBhOUxtdF9FNUxWZ0ZlNkRoanV5OWRvYmxkMDBoNHVTSEhZTHRjR0tyYjZIZWR5U2d3RzZSQzBPaUdFazZ2eUlzMEc1QjFPN0FEWQ?oc=5,2026-06-10T21:07:02.626672
Ben White,England,OUT,serious,,2,Arsenal's Ben White ruled out for rest of season and set to miss World Cup - RTE.ie,0.92,https://news.google.com/rss/articles/CBMiqwFBVV95cUxQZU5YNWRhb3dXdllTMm1pZzlQUU44cHZuYU5OTU1zX0JRV3ZoYmx4d3dtcF80Q2RJUHpFQmVFUms3cWhDV3JUc3hna09MdXh3Q2hNRkYzVVYxcVRqanBMRG5XRFRPNHdhXzdSckUzcnA2ckc0bjdJZkpUMVFPUGJXQ2Q3cUc5R1pjbGc2M3dlbXlQVlhEZ3hFSjV3TUdUXzhsWWhrZEVDckR5R3M?oc=5,2026-06-10T21:07:02.626672
Estevao,Brazil,OUT,serious,,24,Estevao Shares Injury Update After Being Forced to Miss 2026 World Cup - Sports Illustrated,0.88,https://news.google.com/rss/articles/CBMimAFBVV95cUxQOWtlbmMyUkxzVXZBQnA3ckZXeVZQSldzd2NWYjl4el9wRU9GamJqSFNTYW1wblkycFNUcGhvRnRnSVV6UXVEdlZMQjhnMmZETXFQN2RSLXRUbnFKWldaRHlWek9JMy1ub3ljNTMxT3hMeHZ3blRyQ0ZRd1BIeDRqUDlXNS1xdUJMRGNPU3N5UGNiaEM4SFI1OA?oc=5,2026-06-10T21:07:02.626672
Ismaël Koné,Canada,DOUBT,minor,,37,"[TSN] Davies remains in return to play protocol, Kone absent as Bombito watch continues at Canada training - TSN",0.82,https://news.google.com/rss/articles/CBMi4wFBVV95cUxOcXU0b0N1TXR0c0ptVUlCcHVQdldzaVNBTm5ESlNPbWdEZUxIQmpVOHM4U21NbnNMWkdJY2RtbkRJeDRVSUwzTGZxUjlOVWx1c1JvdjdJc2Rsb1BCVlBuYVowa1JEbDB6dlM4V0I4Q3dPVUpYZDQyUVdLZzZFMHdhd0xsUkZGVWhJNExDWkl4cWRzOGdGVk1BUDdVM0cwRVVwQzhZYnh6Y0pteDRMMzFrQy1mMkt1OWlTRThrWFlQSDVlbWxmVFJmWG85MzlQaU02M2d5NUdtTFgtTWRHdjFaN0Zzcw?oc=5,2026-06-10T21:07:02.626672
Cristiano Ronaldo,Portugal,DOUBT,serious,,14,[beIN SPORTS] Cristiano Ronaldo's Injury More Serious Than Expected as Concerns Grow Months Before the 2026 World Cup - beIN SPORTS,0.72,https://news.google.com/rss/articles/CBMikAJBVV95cUxOMi1mdGJidjZySGRjZ2xqZTEydUFfQ21VbVdqVUpBNXJzRXRnWlZVMEllTlhhVWhQYmh0VXVwcTBkc2JRam1Vb0NfMlF0RDZBTHJqN3BfM3ZmZnhQbUw0UlM0UDh2N1k5dkVzR09aUWlmTDJQWEVpUGtrWDRDTkUtX3pTNFduN3czRjkzUmZxNVFMazR3SEN2aURXNGw0ZUFEalFaUFlhc256d3FhejdOMUpVT19Mbi11WlBaQm1TanNIajF0X2huNkg2bkZ1dlBGOEYwVzVxVjRySFQxbS1JcDNTZEZiWlJWN3BUc3JXRVVJUHRCc3ZVU2ltclVfaHB1VkRLWXRfazRsTFpvUWFJWg?oc=5,2026-06-10T21:07:02.626672
Yahya,Iraq,OUT,moderate,,5,Makenzie replaces injured Yahya in Iraq's World Cup squad - Reuters,0.87,https://news.google.com/rss/articles/CBMipgFBVV95cUxOcnNwRlMzM28wekUtbzFRWlZxN2llNWg1dDBNWjhOMkNwakpGU1ZfcmotdXZndEtibDE5WDJmNEw3b2VkQ3Mxd05jeF85QmtSMjNhMkU0YXlrRFprYzZEbWN1aExIc0hYYWNzRVVmXzJZemRyY1dCUmh1Y1FCY2VhQXExQXpydDg3WWZBREx6R2NYWFRQeGtaNy1GakwxUDFYeGN1OUN3?oc=5,2026-06-10T21:07:02.626672
Antonee Robinson,United States,RETURNED,minor,,21,"USMNT vs. Paraguay injury news: Richards, Robinson in full training in World Cup boost to U.S. - The Athletic - The New York Times",0.82,https://news.google.com/rss/articles/CBMiswFBVV95cUxPMWh3eUlKRl9yU0hyZHF4bnVpVnhQRTdnNTRXRDBhMmRFaEhrSXlQXy1LZS02X3dIM1BxaC1Fb1p3QXZSbkNDdXJiT1lMd2w2cnB6S0ZXcnJGZnNVeWVIa3U1Wmo5MXVuUjY4bWlRdzZLa2FaSzZZaHhkUEVoVEZsS0NkS050cVpBMGxnRXNFaHdaM1J4MnphdVVIenRZdG5VdldZZnFncV9Nd0FFY0hIRWhBbw?oc=5,2026-06-10T21:07:02.626672
Cho Yu-min,South Korea,OUT,serious,,2,[Reuters] South Korea defender Cho ruled out of World Cup - Reuters,0.95,https://news.google.com/rss/articles/CBMimgFBVV95cUxNMVltaC0yOXlOQ2tyQUJrYkN4T2VBcng1bVBib2g2Y1FpMnhIQjd0UnhObUpMSHZmU3pwWWhuYlpBblRnTXBib3VuV0UtVXZVTjlFbElhWEZpUEVBeU9Kb0w1YzhoTWdaRWpDY2hhY0djSXBMYmw0UjY3bDVzaXpnMUhqWmhfMnVaaVVuckZ1NUVKNElsQk9FWVJR?oc=5,2026-06-10T21:07:02.626672
Jonathan Bombito,Canada,DOUBT,moderate,,2,[CityNews Montreal] Canada coach Marsch keeps injured defender Bombito on World Cup squad - CityNews Montreal,0.85,https://news.google.com/rss/articles/CBMirwFBVV95cUxOc1ZfQWZfVE14cGNNSldhZjA1S3phVlZWTmh1RU9BR1k4OS04dmZjcHlwLU1DQ2N1eVFlYmZtbjJjbVBpVkk3VkRoUHRGWnI2RXY3eE5zMFpNYmxCZWllWXdGWVU2Sk5EZDROLWdtVnozbEF4OTRNRVpoY29OcXdEM21MZi0zRmhrak1DTm5DSGVRS2puQlhHV3otTWhna25yc0Z6QU1fUV95dUMwZHJF?oc=5,2026-06-12T08:32:43.649422
Moise Bombito,Canada,DOUBT,moderate,,33,What Moise Bombito's injury means for Canada at the World Cup - DAZN,0.88,https://news.google.com/rss/articles/CBMizAFBVV95cUxNX21kV0IzaUUtS2w4aTJxU2U4NjlFTkkwQzdTQWNHN2pzeHlTTVliMkFmM1NmV0RuaFNFSmZ6SDJ2dTAyeHBvMGplS1hQcEdFcXJxSTlnZVFVQW9IakR5aUZiODQ0aVJnUkQ3cmgwUmtlZkRLMGl6V0wwX2JfLUNCWlZKTTBXbENWYzJMeHRSMkNCdVAtUVd6b25jQjduaFlwbDJEN01aQ1RlWGNGNUxwbGRVOTF5c2RqeHNRWnNOaXlVbUh5UTVHR3pYZjc?oc=5,2026-06-12T08:32:43.649422
Jude Pierre,Haiti,OUT,moderate,,24,Haiti midfielder Pierre out of World Cup with adductor injury - Reuters,0.97,https://news.google.com/rss/articles/CBMirAFBVV95cUxQcFpfTzlVTzNsV2xFVHF0OHRSNWRkT3Ffd09rV005enRKTFZLSDdMeWlBYVdSU3hSeUstbmpfdjM4TDVSb1lxTXZVSGJodTdMVzhmbkZiOGtNcXJDOHozeHZNdURhT3dKRmVxYkZxY2t2WlBVLXF2ZGRrM1hyUmNLZ3RYRnVSdTd0aksxSUU3WjNYM09rZnlQZFVGWmZJWDdLdExTeUtvX1d4REQ5?oc=5,2026-06-12T08:32:43.649422
Mo Touré,Australia,DOUBT,minor,,14,Striker Mo Touré sends injury scare through Socceroos camp on eve of World Cup - The Guardian,0.9,https://news.google.com/rss/articles/CBMinwFBVV95cUxOWlhfNC04VDhUV2poOTVNeml6U015UXVNWVVGeTk0cXY5N3dUUC14RGtFT2pqVHF2M2NteU9PbkVzRFExRDdvNWpOX0lVc2pQVnNEQll0R215STdvQjhpOEhiYmZGNk5HWkZXOU1TTXJtemlma2NOVWNUSHlxVUM2OVMtc3VydldJempiM2JfT2dUMGFFak5GenhwYXJWdXc?oc=5,2026-06-12T08:32:43.649422
Nicolás Tagliafico,Argentina,DOUBT,moderate,,5,[World Soccer Talk] Argentina on alert as two players face injury doubts ahead of the World Cup: What happened to Tagliafico an... - World Soccer Talk,0.82,https://news.google.com/rss/articles/CBMi8gFBVV95cUxPa1lvaXY2aDV4eFlsbmJaRVZoYnZjM1I4NGxRZjkwcm81QllrWWxDVXR2WUFkb0YzX2g0RmxzODdjQXZZUjZjS1g3SzNlWEhZY0pnMDFpM1Rpa19EVW44VnlhZXJPLV84bFdfWHRQVVJLOHdNanRhMXdWZnlwV1dwV2Z1aWcxUWktS25Jb2JtdEJxNUROOF9sX0dwYVBDT0tZTUpod0phRUtNVV8yUXNZdkdQT285Z0pZenNQWHBBeGQzc2ZNaXpuNG1HYjhENmdxcng3VlBMM2pGVzhyWmptMXVOZ1lrakNWZkkzYlJ5RG5VQdIB9gFBVV95cUxPaDlHQVVhRlVSb3FHcVVRR016VGZsdkZkZmxqYm9WWWdKMlZOUUNFTjhpcGJ4OUZXaWFjVDNaRmxFanMzbEllX1NFbUZkLXNIX2VxS3l5cFo2NVRUMVJKbnpCMkZJTTQ4NFVXbHJ0TC1zUzJEXzY3c0p1c1prWDk4SF9pSHJxSk1leklrYXhJbldsN1QtQ1A2aXd3Rnd4VDZzYXJycVFkaDUzVFFlSUU5SkN2SzdNOGVCTWRLVHBtMHNqeEdLdno1R0VEd2RXMkt6bllJQ0hjYkFEYmFuR1huM2tSejVTNDltaTk4ZDZFWFRCOXlVVVE?oc=5,2026-06-12T08:32:43.649422
Christoph Baumgartner,Austria,OUT,moderate,,33,Christoph Baumgartner ruled out of World Cup with Austria - Yahoo Sports Canada,0.95,https://news.google.com/rss/articles/CBMijgFBVV95cUxPZ25QYmZiVXZGbGVhX1EyX0JBd3AyaXNNYzBKMWxVc2hpRWpadnlocDZvbEIybDA5c01zczNraVBwRzEtU3NmQUhoeUhZVlN2Y1dpSWFNbTdfTGlXU3ZXZHRDSkJXX2RqWXBodjRfckF3TnoxLUwzUW5DNUlzMU9xT29VX0NQajJMT0luV2xR?oc=5,2026-06-12T08:32:43.649422
Abdessamad Ezzalzouli,Morocco,OUT,serious,,30,[MassLive] Morocco loses star winger to injury ahead of World Cup appearance in Foxborough - MassLive,0.92,https://news.google.com/rss/articles/CBMiwgFBVV95cUxQQy1EbGRnUTk3ZTN3UmVjZXZVY29veTZFbGVZRTFHMXZ1cjN6NzRxVDFycElaX2E3Vm5JTUdfekJtaVAyVno1eUQ0bmZiUGNBTWx4NEg0eWlVQWxMbDlheE9welBacVJBbU9RX3FnNXE3dUVwSjJKM2JmbzY4UnhmZ0FORk9vRW92TDZkRDY2eUc1a3Q4UG15cFl3ZEFUQjVUcnRWeXZBeUJKWEdUR0FhT3VJOVQ0VjMtc2hzYlZFWVFqUQ?oc=5,2026-06-12T08:32:43.649422
Nico Williams,Spain,RETURNED,minor,,8,"Yamal, Williams return to training in World Cup boost for Spain - ESPN",0.93,https://news.google.com/rss/articles/CBMipAFBVV95cUxPV1VSVEpBdVNjbjZNM3VkSUp5ZzhCdEpDWUM1NTNLN0hJWnVWM0dBVmprVEdUbTNLcmVBWlNabWFqSExza3BxcF9HUkNDem0zalY5LS1pclgwQkVMX0RLSGZUZFJMdll3X05jTll3Nm4zd2tBVVRnQ2pTdXhobWJicjlrVThSbC1rOWY5aWRxTFFCNGxWN2ZyQ2J3N0wyZ1JwZGhRWQ?oc=5,2026-06-12T08:32:43.649422
Jules Koundé,France,DOUBT,moderate,,31,Barcelona's Jules Kounde suffers injury ahead of start of World Cup 2026 - Barca Blaugranes,0.85,https://news.google.com/rss/articles/CBMi0AFBVV95cUxNVzFPUlEwUWw1d0dsTFl3SmJJUXlHbWtMcFcxM256ZmJrbk5mX0RKUVNDM1NTVzI3aVhkdENYNWN4VzA0OHBxTjRqQTZWQl9GT0JZZWxhamo4cHJvVkhlZXNyR0d4TkVLdUwzNjZtNzhxUlFPYlQxOGRBVHJDczh4SnV3NFEwc282WnM3dGlQVEhMVUdLQzIzV0lJWm40cHo1RTMzMFNxMTdRb3IwSHY5TnFMbmg1am5CZ21xTlpnUW5Cd2xRczEyY1FCQ2V6VVdq?oc=5,2026-06-12T08:32:43.649422
Samir Sabra,Jordan,OUT,serious,,22,Jordan's Sabra ruled out of World Cup with ankle injury - Reuters,0.92,https://news.google.com/rss/articles/CBMiowFBVV95cUxOMXYzcUhJZ010MUpSSDhDblFOSWVORXBEb002cm5Hbm91MW1DM3JVRWotdTN5eGJJeHdFdkhqOU1LRWVPWkFjUXNiOUJ4NU9HT1hQWjhnMmp0Q19rRGloaUhNOWZ6X2xLTVlUSmNyQ0QyaEozeUgwWi1SU3RVZHhWZzgwWUJOZ0NBYTQ3cHNaa0R2MV9Ud01EdTh1ejBldlF5LW40?oc=5,2026-06-13T06:31:50.486653
Matthijs de Ligt,Netherlands,OUT,serious,,37,Netherlands suffer tough blow as Matthijs de Ligt ruled out of 2026 FIFA World Cup - MSN,0.92,https://news.google.com/rss/articles/CBMi6gFBVV95cUxNVUJqbnpqOWhOOUstZkJMZVZkVjNSOW1yWG5wV1ZHYkFOLUdha2t1STdiWnBySlNLVWE5bldxcDE3dlVSVURJbUhFaHJUSVE2eklIVWp3QmtaOFNqOUVRM25nUFFzSWpCN1F1bE5RYjZ0NFg2SW1LYTRXQXkzbDhsQzJUU1p5V0dKTFNjaGdFZmpfcTVkMUtEdlZYRXp1ZWtxVHVGRVRkZUYxb3FLUDNzUnFQRXF0TjZzcjJPd3VIRWZSeHh6eHVWemZJZFRMSXZJamxvM2ZQbk1jQXo2Mjg3TDRrMldVMTFLMWc?oc=5,2026-06-13T06:31:50.486653
Nicolas Gonzalez,Argentina,DOUBT,moderate,,4,Argentina on alert as two players face injury doubts ahead of the World Cup: What happened to Tagliafico and Nico Gonzalez? - World Soccer Talk,0.75,https://news.google.com/rss/articles/CBMi8gFBVV95cUxPa1lvaXY2aDV4eFlsbmJaRVZoYnZjM1I4NGxRZjkwcm81QllrWWxDVXR2WUFkb0YzX2g0RmxzODdjQXZZUjZjS1g3SzNlWEhZY0pnMDFpM1Rpa19EVW44VnlhZXJPLV84bFdfWHRQVVJLOHdNanRhMXdWZnlwV1dwV2Z1aWcxUWktS25Jb2JtdEJxNUROOF9sX0dwYVBDT0tZTUpod0phRUtNVV8yUXNZdkdQT285Z0pZenNQWHBBeGQzc2ZNaXpuNG1HYjhENmdxcng3VlBMM2pGVzhyWmptMXVOZ1lrakNWZkkzYlJ5RG5VQQ?oc=5,2026-06-13T06:31:50.486653
Amine Ez Abde,Morocco,DOUBT,moderate,,36,World Cup 2026: Morocco faces unucertainty over Ez Abde - Africa Top Sports,0.8,https://news.google.com/rss/articles/CBMijwFBVV95cUxOWUFCQmU5WHBsMzlaOGc3OHFObkJkRXd1RF8zck1wbXFldXJSRHhMRk81eW5DdXZnbVJ1MC01RG5BN1dmX1ZYcEFMOWJvLUUxV2hQUDJRYTlFbWlZZWdPbm1HV2hYWWo1Q2xVNEFtRFVHb1ZjeGRMaEpQaGZxX1ZacFJJT21mcy1WUFZwSThydw?oc=5,2026-06-13T06:31:50.486653
Wesley,Brazil,OUT,serious,,22,Wesley Suffers Injury as Brazil Names Replacement for FIFA World Cup Squad - beIN SPORTS,0.93,https://news.google.com/rss/articles/CBMi6gFBVV95cUxPdjIybXlZQXhreVo0cUZ6UmhDT2k2Vk1pQ29qWWhvVUZIcHk2YURNa3FVZlluTG5FYlpZbjc4WkViajUtcWJSUnduSEZ6S3FwZUxLSDJDLTdJU044TmNnZXdURHh1Tld4UUJmSHN4N0JkNDB3S3dsVWxheVJsTHFod2UycHhOSk5OWXNuTlR0OWtjSVo5OXRiOXBaVzZCUjdRdjJ0c2VfRFhfTzVJRDJIZFRhYV95bUh2NXNRY3o4MFVlMzBZNEZtOG1nb0tWMXo1WnlvaTNOcnE5dGtPOFptYjZCY0ZHSFhXQkE?oc=5,2026-06-13T06:31:50.486653
Alessandro Circati,Australia,DOUBT,serious,,28,Alessandro Circati prepares for World Cup challenge with Socceroos after ACL setback - Crypto Briefing,0.78,https://news.google.com/rss/articles/CBMibEFVX3lxTFBmX2lUc2R0dXp4RURfZEFMcm5EYm1nOHRPSEtUbHpQZ1AyVmkySmdsY25nQXpuUDlENDMxMUp4SGliNEtWZEdCTHRmRnFGRVBiTHVkbENXUUpCY2VsaXZkanEzaDBKcFY1d2ZCRg?oc=5,2026-06-13T06:31:50.486653
Nicolas Tagliafico,Argentina,DOUBT,moderate,,4,Argentina on alert as two players face injury doubts ahead of the World Cup: What happened to Tagliafico and Nico Gonzalez? - World Soccer Talk,0.75,https://news.google.com/rss/articles/CBMi8gFBVV95cUxPa1lvaXY2aDV4eFlsbmJaRVZoYnZjM1I4NGxRZjkwcm81QllrWWxDVXR2WUFkb0YzX2g0RmxzODdjQXZZUjZjS1g3SzNlWEhZY0pnMDFpM1Rpa19EVW44VnlhZXJPLV84bFdfWHRQVVJLOHdNanRhMXdWZnlwV1dwV2Z1aWcxUWktS25Jb2JtdEJxNUROOF9sX0dwYVBDT0tZTUpod0phRUtNVV8yUXNZdkdQT285Z0pZenNQWHBBeGQzc2ZNaXpuNG1HYjhENmdxcng3VlBMM2pGVzhyWmptMXVOZ1lrakNWZkkzYlJ5RG5VQQ?oc=5,2026-06-13T06:31:50.486653
Marcelo Flores,Canada,OUT,serious,,30,Canadian midfielder Marcelo Flores to miss World Cup following ACL rupture - northeastNOW,0.97,https://news.google.com/rss/articles/CBMisAFBVV95cUxQME5rVVhZNm9qUERVcGFoYjFVc2ExbG5xQWxSOGs4b3FJS3BMaWtHWXNMNXRheWtHRkVFMVQyNGMzMko4aFhGVnhwZXVzMnU1RUxRb2luTnhCNmJ4Yk15b1liZ3JjNi1MU1FZSWZwSFRFbVpPdURZTlllWTd1YkZTNHctSEhpUzQxd3BjcnVnSjhyMHRZa09UV0VwM3pmWkxFdEI5cGJzTG1vLUQ5OThkZA?oc=5,2026-06-13T06:31:50.486653
Marc Guehi,England,DOUBT,moderate,,3,World Cup 2026: England's Marc Guehi injury doubt - BBC,0.85,https://news.google.com/rss/articles/CBMiZ0FVX3lxTFB1bTVLNXlkR3pUZmhlNjJuUjZFRFlZOWVkbzVZMVB5a2V2VUFkQ2dBRjEwSlRzV1EwdUoyazJpV1cwVTJwcWJsLXBPOGxaX2tSRHA3R3E0b242TFpMZ204ZjR1ZTBLMTA?oc=5,2026-06-13T06:31:50.486653
Lisandro Martinez,Argentina,RETURNED,moderate,,20,Lisandro Martinez named in Argentina's 2026 World Cup squad after injury comeback - Crypto Briefing,0.82,https://news.google.com/rss/articles/CBMiekFVX3lxTE1reUZRNmU3VF9Pdi1OT1ZQWTdWTk5XWEtUWFhzc0twQmVhYmwyWkNhN0NURWJVTzI3LTNzTW15X2JCcEFQYmdoR2tYSGxycVpUQlFoa3JEQXhjSEI3eGxwLXF5Wk1FWVcxOHI2ajJJbUU3U0plWEdNUE9B?oc=5,2026-06-13T06:31:50.486653
Leonardo Balerdi,Argentina,OUT,serious,,27,Argentina call up Senesi for World Cup after Balerdi injury - Reuters,0.92,https://news.google.com/rss/articles/CBMiqAFBVV95cUxONzVJOTFwNmNOc3dja3lYdWt6aUtDQ1VkRGRMcFFrQUJWalZOanlRWUxSVDFUT0RENldqRG5QNEpNTVV4UHkyQmllWVNpcFVzTTNmaDI0SWlEc084MFpQRGdJdGk2UVJaTzBoUkJmWVM2elBRMzBRbzdnaDhOR1N5Q2pTX29ncWRVZl96dlpFY0tKZWFkdU0tcHgySHQ0bjQ4THFhbG83a3g?oc=5,2026-06-13T06:31:50.486653
Achraf Hakimi,Morocco,DOUBT,minor,,38,"Morocco Injury Report vs. Brazil Today: Ezzalzouli, Mazraoui, Aguerd Updates - PrizePicks",0.75,https://news.google.com/rss/articles/CBMiswFBVV95cUxOd0dwOHM4QzNibUVxQTRBanVqTkJkaEZTbWZCX0QzWV9wLWdrX0N2ZVl6OEZKRTM1OVBSOHdrM204R2dZSEtxY3dqTl94ZWNLSElmQzZOUUdQNWg1Nk11TFhKM2lzQW9zUkRYNzM5UnNBbVBpa3JIa3Flcnl3QjBEamxMYjQ4ZWFGMWNFUmcwd1ZyUTJWcERZekZqWkk3czJOdTBYUlNhZ3E5Vm4xd1pXSTQ3UQ?oc=5,2026-06-14T09:31:26.571155
Estevao Willian,Brazil,OUT,moderate,,8,Why is Estevao not participating at the 2026 World Cup with Brazil? - bolavip.com,0.8,https://news.google.com/rss/articles/CBMioAFBVV95cUxPRkdfVDVvQUUwWEZxQmI2bzBWRW1Oang0Y2NqaUY2dWdjazlDWHBUS042cFE2cFJwanhQaDRNQ0dURGdwWnFmUVV5aXFDOTZwMU4ydWd0dkc3NExuUkFVbkJqaWRPTUVnbDRfYXZ2WVJ4Y0VBenlZZDlhcUQxY2VYV2RrWDluOVdIdTRBVlN6c1BNb1FCWjhWdl9kRHc3YkxY0gGmAUFVX3lxTE9RWHhHQnY5ZWdsbTJMSEJYUm1YRU14cFlRZWFheGdQNHZEYkJFekRCVzJlT29NN1hwd1Jud3E5Qi1HWmpIYjl6N2RnTVpPNE4xQ3JCdUdRWmc0LUNfMU95SklmX0hkX20yZVpUbEE4eUE2REVVUHVrYkt6b3VLazBfakpLQ0dSTzZJaHFvUFEtSzdCWUlJdUc4V1ZZb2FhUi1odWp3c3c?oc=5,2026-06-14T09:31:26.571155
William Saliba,France,DOUBT,moderate,,29,William Saliba injury latest as Arsenal star's World Cup dream in doubt - Football London,0.85,https://news.google.com/rss/articles/CBMikAFBVV95cUxPdHhnVXJqWlJ2MjVtcDJMb3gxSFVueXpZRkhmS2NmOWc0VXhlWFJFQUV2TlQtWHZTazRhcE5xcjdpOExjUU9WeGZ6c3RGS3p2UE16TzVWYmI2RENBR0VaOExGQ0JjRFNJNnpiWFFzazBDNm4xbTVXblppVEt3aF8wWGpmMnE0Mk5kUks5WktBRjbSAZYBQVVfeXFMUGJ0WW1YOFptcFZ2VnJSb2FwTGE4aTd2WmlCYldIX01sVWUyLVc0TVdwNUJFTFdGVjJsX3o1dWRUN2pSVFltRXFOaGNSWGhXdW9wcTk2dGQzemJDdkpKbFFWeTI2Qm4tOGFOMzRNaVJWVFFfZWl5LVhNN1pCOHZuTUxzbGl2Nlk3bHZqYXJGVzltQmhXVDNR?oc=5,2026-06-14T09:31:26.571155
Abde Ezzalzouli,Morocco,OUT,serious,,38,"Morocco Injury Report vs. Brazil Today: Ezzalzouli, Mazraoui, Aguerd Updates - PrizePicks",0.88,https://news.google.com/rss/articles/CBMiswFBVV95cUxOd0dwOHM4QzNibUVxQTRBanVqTkJkaEZTbWZCX0QzWV9wLWdrX0N2ZVl6OEZKRTM1OVBSOHdrM204R2dZSEtxY3dqTl94ZWNLSElmQzZOUUdQNWg1Nk11TFhKM2lzQW9zUkRYNzM5UnNBbVBpa3JIa3Flcnl3QjBEamxMYjQ4ZWFGMWNFUmcwd1ZyUTJWcERZekZqWkk3czJOdTBYUlNhZ3E5Vm4xd1pXSTQ3UQ?oc=5,2026-06-14T09:31:26.571155
Nayef Aguerd,Morocco,DOUBT,moderate,,38,"Morocco Injury Report vs. Brazil Today: Ezzalzouli, Mazraoui, Aguerd Updates - PrizePicks",0.75,https://news.google.com/rss/articles/CBMiswFBVV95cUxOd0dwOHM4QzNibUVxQTRBanVqTkJkaEZTbWZCX0QzWV9wLWdrX0N2ZVl6OEZKRTM1OVBSOHdrM204R2dZSEtxY3dqTl94ZWNLSElmQzZOUUdQNWg1Nk11TFhKM2lzQW9zUkRYNzM5UnNBbVBpa3JIa3Flcnl3QjBEamxMYjQ4ZWFGMWNFUmcwd1ZyUTJWcERZekZqWkk3czJOdTBYUlNhZ3E5Vm4xd1pXSTQ3UQ?oc=5,2026-06-14T09:31:26.571155
Rodrygo,Brazil,OUT,,,20,Why is Rodrygo not playing the 2026 World Cup with Brazil? - bolavip.com,0.72,https://news.google.com/rss/articles/CBMilAFBVV95cUxOQWtWZ2VCeTFkNm5OZEtJal9kR09MUkpmYkF5bTFkVzFNUjVZMjlWT0trblUzWldyUHJSdTRPX3BlQndYZGZjNWQ5LWQ1RElHMzBEcTJpTU9LQURiX203XzliUGJ3VmVxUTQ5aHJ1ZGlpeG90SXFyMzVOQU9HV1FRTDNycldGSEJFSWN6WjEyd0lEejJ30gGaAUFVX3lxTE92bG1IdEpVMHh5VXY3U28tN3cxZzkzOE03SnFxRkJvSEkzV29kSUF1Q0lGeHlTN2NidDc1NkhzTW5abHRYcWNlSE45aEVpMXpoVTdJTFZqMFVyNmluNEdWLUpSTlJLMkZNZjhzc1FWdmI5R0tDM3FtQ0hfUXJRQ3JWTGwxMjUtNGtwVDU2dUF0bGprRUV2QW5fVXc?oc=5,2026-06-14T09:31:26.571155
Serge Gnabry,Germany,OUT,serious,,22,Why Serge Gnabry is missing the 2026 World Cup for Germany - World Soccer Talk,0.9,https://news.google.com/rss/articles/CBMingFBVV95cUxPdXJ6UzlWVU1DOU9YYzQ3b3FvcWtQRVhFNXg2YmVKWW9td19QTEY3SnF1eG1TMDk3TXNZSGt5T2JqLXl1R21YUXFmX0NyLVNHbFhjbFIwbzNZSU9BN2MxSE8wM2d0NTg5N2doLUEwNDFQRGZpMDJSNWl6QmE1V2MzWHlkbVV1TmpURmN5ckVaRjhfRWFlQWNLaVRsRHc2UdIBogFBVV95cUxORXM1c0FPbmFGNXdVNktWSVRJeUhsQTZTVGQwWDdEWU56S0lva3FGT29JN1dNY24yZkI3aGFQSUtod0gtOVVWaHpVRWh1Ny02Vi1MdFo5c0t5UFNlTHdPLXRYWkVXY3VFTlk0ZE02bUxjUHBVcTZHSUxZS3poemJFMDc2MDl6SzVadHJCTl9WS0VnaW9CM3gydDFSXzE0aUVoaUE?oc=5,2026-06-14T19:44:36.618554
Noa Lang,Netherlands,DOUBT,minor,,26,"Netherlands Injury Report vs. Japan Today: Depay, Verbruggen, Kluivert Updates - PrizePicks",0.7,https://news.google.com/rss/articles/CBMiuAFBVV95cUxQZW91d1ZwYU5Jb2FxMVpIV2oxNEU5NmxDWjUycjF4d0VBbUtidmNxRXNnWDI5RzhjcXV1cVJDMnR0bzlMcW1BZGR3R05EMmstUzVDbXp4QnNfblVndkx6Q2JrN0J4UWNIRzRNY3MwWHFVekpXdXUyamh1ZWNqd1NwN1Q4OEFrTXJ0SXNMVlo5ck1ZZEVjLVc4eDUwWDItWDV4X2tpa1g3Sm1mMHJ4V3BWZ2I4cHJXRDhR?oc=5,2026-06-14T19:44:36.618554
Bart Verbruggen,Netherlands,DOUBT,minor,,26,"Netherlands Injury Report vs. Japan Today: Depay, Verbruggen, Kluivert Updates - PrizePicks",0.8,https://news.google.com/rss/articles/CBMiuAFBVV95cUxQZW91d1ZwYU5Jb2FxMVpIV2oxNEU5NmxDWjUycjF4d0VBbUtidmNxRXNnWDI5RzhjcXV1cVJDMnR0bzlMcW1BZGR3R05EMmstUzVDbXp4QnNfblVndkx6Q2JrN0J4UWNIRzRNY3MwWHFVekpXdXUyamh1ZWNqd1NwN1Q4OEFrTXJ0SXNMVlo5ck1ZZEVjLVc4eDUwWDItWDV4X2tpa1g3Sm1mMHJ4V3BWZ2I4cHJXRDhR?oc=5,2026-06-14T19:44:36.618554
Manuel Neuer,Germany,RETURNED,minor,,28,Manuel Neuer fit to start for Germany vs. Curaçao - Nagelsmann - ESPN,0.85,https://news.google.com/rss/articles/CBMingFBVV95cUxQeGpLQl9NRGUwN2JlMHctNXFEUnNyNHd5Z3JaRnJhamF4MmFZaFBvWWtVS0dVaGRQRUtTU0RlU0pCVDRsTEdOTnRRU0VxUUg2b1NVTTFtRTd6Y1ZVYWxyTmFOcmk1UG50eG9IQUp1OWl0dnY0QTdsU1RTa3h4WHpyeFd2dFNuYWQ2cV8xSWtKc3VYRk1UVjJwLUJoMmZqQQ?oc=5,2026-06-14T19:44:36.618554
Billy Gilmour,Scotland,OUT,serious,,12,Billy Gilmour to support Scotland teammates at World Cup despite injury - ESPN Singapore,0.9,https://news.google.com/rss/articles/CBMiowFBVV95cUxQanhUSGlaRENfZXlLTi14Z3ljbEk3WFVlLXFBTXo0R0VTamNUbnotdWlvQ28xcU5obDI1QktfYlVTNWI1RVdjWUpONzVXOEotLWtkdkxFSThETjNTalh3YVA5aG9TbWRHN2M0dUZKYkpPV1V0c0JMcklsMVc1LW1wVExWb3hKVXVENnhfMk9LWkxKeGwyS05XR2E2em52UEdwUjZZ?oc=5,2026-06-14T19:44:36.618554
Jeremie Frimpong,Netherlands,OUT,serious,,14,Why Jeremie Frimpong is missing the 2026 World Cup for the Netherlands - World Soccer Talk,0.9,https://news.google.com/rss/articles/CBMirgFBVV95cUxNbXNETHVZYkt5UzlCWmZmbzRkVnBFTEhJMEx5SEZCTmdXQjMzNFFsa3RqVm1MNzkxcHFySVVXeE5JQjFkMFVBTmdxak9PU3ZBa2tlMkdaVUFlZU1GUU92eXlScy1DTjQxMDhGZHhxZ0FWMWVfaF9DajVIVzBQLWFzZ1ZNTnVCbTBKMENmcWtIRUtaYjhZM1V5ZWZnUUhHa3BaNk5NdjFjRmkwRmFYRXfSAbIBQVVfeXFMUE81WFFCejMyalV5cXdSMW12U1M0VWhCZ21RbW8tZkFrVjFOaEVGVklUVVBoM24xUW5STjJ3RFdvRjdTYUpnSjVnTE55SlcwMjI2b2lPcGdiVHV4VmRTSHJFVmV6eHo1LWZCak9OS0hrSWJDdmtZdm1Ddkk5UXY5bkhJbUR6clRkYzZGSi1UdWtfejZfd0h3Ny1TS1BUU2tiY3ZGdkRyaVFDaEJ6MGhEWHFNUQ?oc=5,2026-06-14T19:44:36.618554
Lennart Karl,Germany,OUT,serious,,3,Lennart Karl recalls sustaining injury that ruled him out of the World Cup for Germany - Yahoo Sports,0.85,https://news.google.com/rss/articles/CBMikAFBVV95cUxNUTVreDBONjJWcW95QUlyaHhmWXJEbXFPY0c4T3EzUUxmOGYtTWxSS0xORmJEOURHZXNjUUk1cGFPcGZNZ3FIWVYwNUZxT0NrX1BiQ1RMSU1uSzZkX1E1NENMcXBRbjV6R3pZbEFYV2F2bmtoczFKX3Z0ak9Pbjg4cDdqTXlmWE9FdU95dnJEM1Y?oc=5,2026-06-14T19:44:36.618554
Richards,United States,RETURNED,minor,,21,Richards recovers from injury for USA's World Cup campaign - beIN SPORTS,0.82,https://news.google.com/rss/articles/CBMi0wFBVV95cUxPTjhXd2JUUWUtZWQwYjExVnhKUWRpRkJSaEZUbnEza09uSG1YQk9MTS1Jc294NGtQejlHLUxqV0Y1dldyOWdoT2E2MjJOT3BHY3RtTEVjT202QVZOVmpYZTB2alJ0SW9DRzFPenZQTXBtOFZBdW54bldiVkVVX25BeVEzUzVvWjZlQkNyOTBRR1U2UWNmaXUzcTNpTUtMeU41ajh0T05fOERBSVREdW1MejdTRVlhbTBDdTQyS1ZGYTVxVXBOdmFMbkgzdTJIMnZEbGxz?oc=5,2026-06-15T06:27:50.012061
Takefusa Kubo,Japan,DOUBT,serious,,32,"'Japan's ace felled' in first match: Major setback, Kubo's knee injury → Direct substitution request OUT - starnewskorea.com",0.9,https://news.google.com/rss/articles/CBMiekFVX3lxTE9kRmplekczRHFJb1Q5bWJPYlBPQ2hTekczcXY2WTVMd3ZTQ1R6eFVRMGNPQTFZR1RtYUJlb3o5THgwZUZwV3ZKWlJ5d1RaTUZ1d1lkVkEydDVuaGxHa2hhbEtaNFlyWUxtTmNNTFdmUmI0b0hBLU1CZzZn?oc=5,2026-06-15T06:27:50.012061
Kaoru Mitoma,Japan,OUT,,,18,Why is Kaoru Mitoma not playing in Japan vs Netherlands in FIFA World Cup 2026? - Sportstar,0.82,https://news.google.com/rss/articles/CBMi0AFBVV95cUxPTkViRUl6MTJCenRBbHc4NlRrQmVUMDJob1B0OHhiOFljYmgtM1Q1NVFiQkEzOURDOUZBTnI1Q01wLTRraVZOb3RlYkNwdDNDMlZuREYxWnJfS1ZXSEJqbTVBNGVVX251dzBsUExScWVBeGNhUWV2VnBZM2R6aXhSd05wTUEtR3I2YWhOcnBIUlZaSnFvZks0a2s1WTQtMUVYaUZsUm9oMDl2bTNTZkVwNlNtT3FlNUN5S3FnSlVlUWx1U29DbEh4alFCVlZaeFgy0gHXAUFVX3lxTE9uZmtJVHVqZmhNYV82NEwxM2hmZk8teHVGUHZEekJldVlUWHdkUlBscWZhT2J2ZmV2NlJDUnJKbThXVk00VWpyNXZ5R0RhV3kxZ3RfRHRHcHFrMTZSeXdVM2JxVWdra3BYdHQxNUxXN0FLSjVnajh4NmZhMXJmZ1diT3B6M0VkcGI4MW4xbm1aNmFNakVBN1AtNF8xdUNaNEY4Yy04TkRnV0dCc3JueDRxTkhUc0F0TDlYS1FvdjVzeE9HazRhQXJidmFTaHNXbTN4aVh6bHFv?oc=5,2026-06-15T06:27:52.206236
Chris Richards,United States,RETURNED,moderate,,21,Richards recovers from injury for USA's World Cup campaign - beIN SPORTS,0.88,https://news.google.com/rss/articles/CBMi0wFBVV95cUxPTjhXd2JUUWUtZWQwYjExVnhKUWRpRkJSaEZUbnEza09uSG1YQk9MTS1Jc294NGtQejlHLUxqV0Y1dldyOWdoT2E2MjJOT3BHY3RtTEVjT202QVZOVmpYZTB2alJ0SW9DRzFPenZQTXBtOFZBdW54bldiVkVVX25BeVEzUzVvWjZlQkNyOTBRR1U2UWNmaXUzcTNpTUtMeU41ajh0T05fOERBSVREdW1MejdTRVlhbTBDdTQyS1ZGYTVxVXBOdmFMbkgzdTJIMnZEbGxz?oc=5,2026-06-15T06:27:52.206236
Takumi Minamino,Japan,OUT,,,29,Why isn't Takumi Minamino playing for Japan in 2026 World Cup? - bolavip.com,0.82,https://news.google.com/rss/articles/CBMimAFBVV95cUxOb0VYT09OX1ZRek1UM2VUU2dRYW1XUGNuTGVvR1prV1lRN0NjZFphRmV6dVg0ME9vZW9wV3duMFJfOVQzdWhsZnpfeFo3WF81RXZ2aXcxX1V6WlNnYXNLc2NPM0tTS1N1WnNJWnF5RElpWGdCMVdnc21jdWktdUNLWk5xaXN6QzJzYzdFRDZEWTk3dDV5alI2UNIBngFBVV95cUxQbGdkbktmc1lqeURjOWVVSlVnTk9QTkllZFNXb0l5WGJuZ0lKWVFiVG5mM0wyc3Jfb2NURGxQUGFWNXZJMjREb1daeTAyRGpxeFQzc0NvQVZhU080dV92QkxHaHppRE55RGFTZDRSUTMtN3Rza1FPNmtWUURrYUJJSUhuYU9GSXhXcmduVzdLbmNnQXJFUTRVb0kxN0lHZw?oc=5,2026-06-15T06:27:52.206236
Memphis Depay,Netherlands,DOUBT,moderate,,10,Injured Memphis Depay could be close to starting again at World Cup - Sportstar,0.85,https://news.google.com/rss/articles/CBMi3wFBVV95cUxPcHRuZDNjQ29sbTRmckRFbGVxemw2Y0VPcHdLYmt1TmpSMUc1NlNTVURvNEJqeGw5a2s0UEVFMWViTzdSUEp5c1dSOHV3TXh6ZXJkZVBCZm1qbV9FMElTQldfV25RRE1uTnlrMUJta3E4U1pfSW14VzNiYnJscS1pdlAtcjFqR09ZVHlsOS1rZ0xmT1F6ZXQ3R2otbGk0OUVhOEtVdHVyRkpNdnF5V083U3IzcXROQzZFNEZ1ekJULWJoWmhjbmxlTF9qU0R3cmpKWUZyTk1mVXdta3gwU2hV?oc=5,2026-06-15T06:27:52.206236
Wataru Endo,Japan,OUT,serious,,3,Why Wataru Endo isn't playing at the 2026 World Cup with Japan - bolavip.com,0.92,https://news.google.com/rss/articles/CBMimgFBVV95cUxOOW1iYk9nbjRHTW4yZkFkcV9TLVhJamc1Uk1wa2FVSWlaS3FzV1l5TWs0N3dnZ1NreU9lb0VYR0FZNU9naEI0VG9HYWM0ZGp6MHR4b0ppUXJ1T2xkX29MLTF3V1RJYUk3VGpGV2tHVXNyRmZTRXFYdzBSZDlfcDh3S0lDdU0yb0d1VkIwNVpoNE5lY1lkczRUQzN30gGfAUFVX3lxTE5fMVN4c0xvMEYyRkhiVDBtdHlMSzlwR2wwUzNYdk50N3FZNGtNYUtZd01EdzJjdzR0cXJuV05jT0xZV1BEekFiWXEtVk03Rk9yNS1ZR0FRampPTnpJT1RuNnQyRGhBNUppN09FYWZybDZnTS1wbjVKMjNobVd6MnVGaWN1MHhVNlVXcVBuNzVhYU53bHpzeVpqeGpWajNVWQ?oc=5,2026-06-15T06:27:52.206236
Karl,Germany,OUT,serious,,7,Injury forces Karl out of Germany squad - FIFA,0.93,https://news.google.com/rss/articles/CBMiuAFBVV95cUxPWlJxUmlJd29Xcy1hZ1IwUVlvTklxQkZJc3BzTkJfVEJyQWdxei1kN1NpcVY5alBCcUlSNnNiUW02VHdtNDYyX1RxTHItWnlZY0FwamxLUjEyNC1jQmc1R0t1bTdSWGZiTlFPLW1wYmR3bUNRV21ER3pPNzVnLTlOdEFfWWdnUlRtSktfUEpSallUby1Tcnh6eUd0dzdKSVRFdE03TExwOGx3R3FFWFh3bTVJRi1fTDc4?oc=5,2026-06-15T06:27:52.206236
Xavi Simons,Netherlands,OUT,,,5,Why Xavi Simons isn't playing for Netherlands at the World Cup - Yahoo Sports,0.82,https://news.google.com/rss/articles/CBMigwFBVV95cUxPUEZPaExNcGpqSkp4WVhMckNVcWdMRV8yYXJKNlJsTEJVblh3ME1BLVZKZ0ZyTDN3LU5hVDJuX25vTEhEenVpUkJWZmtmUUg5aW5Ra2tGcVVGSzJvMzJqd0FMb1BRSDRWVG83dG5udWJZcUtyZVBxNm5BdW0zU2RuaXE3aw?oc=5,2026-06-15T06:27:52.206236
Takeru Kubo,Japan,DOUBT,moderate,,32,"'Japan's ace felled' in first match: Major setback, Kubo's knee injury → Direct substitution request OUT - starnewskorea.com",0.88,https://news.google.com/rss/articles/CBMiekFVX3lxTE9kRmplekczRHFJb1Q5bWJPYlBPQ2hTekczcXY2WTVMd3ZTQ1R6eFVRMGNPQTFZR1RtYUJlb3o5THgwZUZwV3ZKWlJ5d1RaTUZ1d1lkVkEydDVuaGxHa2hhbEtaNFlyWUxtTmNNTFdmUmI0b0hBLU1CZzZn?oc=5,2026-06-15T06:27:52.206236
Jurrien Timber,Netherlands,OUT,serious,,24,Timber ruled out of 2026 World Cup with groin injury - FotMob,0.95,https://news.google.com/rss/articles/CBMiowFBVV95cUxORGZudDVmQ2JpaEx6UXliLWRvWFIwTlRWa21JMFhueWJLM1JBVUZMeWN1YkNyRWRuSHZOTWFDOXFOMUw3TUlzelVEQjhDajZpTWtvQVpYVUpNS3JoNHVkQklWb0JiNFltOFYtdHpXTDBKcUtFQVB5T3AzYmI5eWd2ZTRVdTdybE91M0drS0xmVE00aVIwbUlacEhFb3AxM2hhelVF?oc=5,2026-06-15T06:27:52.206236
Jérémy Doku,Belgium,DOUBT,moderate,,7,FIFA World Cup 2026: Doku Availability in Doubt for World Cup Knockout Stages - Revsportz,0.72,https://news.google.com/rss/articles/CBMinwFBVV95cUxNTEdTUUlMb2x2T2UwTGF2bEwwOVRRMUk5cm13OE1IR2Z2dDk5UnBLRHNCUXZaVXRuSVFrN3U0RXNxcDJkYWNiN3UzZ0ZHM0NrSGVsZm5tRjd5bEM0Z3o2dmJTSkRyYmxOOWpJdlJNUExJVnVPZGJnN0VBa2hBNHRMMEZDMy1Lc21Cbld4c3lJMUJVcGtTdjJrMVlzZjFfZmPSAacBQVVfeXFMT1pLWmU4RnAzd0ozNkxWb0lvdGMzMy1Rb3lDQVA2Nm5FblBNV3ZSUkdvUjNwUndvdkhydThsTXhvMGMzdjV0QmliWWJqd1RfMEFPdGg5TkFNTm53VWhWVjhneUFDVHQtNWxBWlZ1MHdhSXdXeV9lVndxLWZWOEZseXczNjFvRDI0X05zQmNmWkgwd3cxczZLRGdlOWVYSVZnWDltWjJiakU?oc=5,2026-06-16T15:01:08.112611
Bukayo Saka,England,DOUBT,moderate,,21,Saka says he is gambling on fitness but 'ready to go' for England's date with Croatia - The Guardian,0.88,https://news.google.com/rss/articles/CBMimAFBVV95cUxPUEo1ZVRtQVRHOE13Sl81X3VoNEltMWZRWEVqTkJ0U0lFV0Z3d1BMNGt5dlZVNGRzRFJzSkZnUFlwRi1FeWZ1RVpIS2xpYlJYVW1La3NCRExxZ2RuWXR3TVZGQlB4c1JiM1ZPdkVCX2s0cmVkYWpaUWpSTGRCd1F6UE5za2t1UlN4b0ZTSXJOa1BlVmtBaU44Xw?oc=5,2026-06-16T15:01:10.706330
Julian Alvarez,Argentina,RETURNED,minor,,22,"FIFA World Cup: Argentina receive triple boost as Messi, Alvarez return from injury ahead of title defence - WION",0.85,https://news.google.com/rss/articles/CBMi6wFBVV95cUxPS2lweVA1eHdlUlhLdWw4c0lMcnlIR1dVTHVaVlBRZFd4aU0taFRBQWdZOWlHM1lNU1dKUWFNdVRreWJYalZESVdyd3FOV2JNX1ZiV09aU3NldkdKaGMwdnBDV25tLUV4Wnl1amN4U2N3NUlLNjNIWURyb2l4TnZOdTU0dU5DaDJPdnlZWG9tMnZoMG1GaFktUExtQlFOWTIza3pZcXZ5dUs0UjhaaWNHQkU2cl9pc0lSYUJILWRSUk1LX0l4dUhNaE82cEJ6MG9tYW40dDlTQ0dLczBHOFdTbW43VFAyc2xLejVR0gHwAUFVX3lxTE9NN2tkb2c2OFpMR1Nuc2FtdnAwU2lSWXJVS3pSYnBoZE9FWklTU0I0UUJad18wcjNTVUlYT1lFeXlLelpnNHYxZUxxYXhGLXhrSEIzakswaUxtcmNkMXE1VGw4d1IyeU1vNmRGMGFYbFNzQ2Exc2htT2p2RzBlNURETE1iNWJHVWZJMGpvQnN2djdnVkgyOUtiTDRhYzZWUkpPSlBlVjZiSVFQMVVJcW96S1lUN2xNUmFOczZyZ1VKcnJaS3hzX0g5SHNtNHpWaHF5M3M3SWRBb0g0Yk1mNGJweURpOHJETGNIOTNUamo1bQ?oc=5,2026-06-16T15:01:10.706330
Eder Militao,Brazil,OUT,serious,,24,Why Eder Militao isn't playing the 2026 World Cup for Brazil - bolavip.com,0.82,https://news.google.com/rss/articles/CBMilwFBVV95cUxNbDFDRC1WaFNBamhWcWlManBfbTdtLVFRanVrZ2lqVWRadW92RkoxaDBDYTNFRkk2RFdRNDk4STFsa2VlMFpMdXJZaS1QN2I3WkoxR0lIT1Vuc1hZaXhnaHFKY0JTb3pxYUxRQXg0eDAwMzM1ZDRrTG1nTWhHU0dENDBHQVB0RlFyLW0wb2wxa2JKbWt3YW000gGcAUFVX3lxTE9jQl9WUGNsRUpUTllrT0FGbnRnNGVrSWdfMWlmbGE2d2owamFJTG45eW9pWWhuRGk1cFNQRjZoUlZuX2R0SlJSN1VDdmFVU0pub3o0bjRiSUtRX0VLMVJoS2pjcGV2bEItWTRfanRkSzBDS3lfZmUtZHVCSm5nb2d5V2lwQUNTZFBiUUM5dHFGNElTMFpnNHROX0xwLQ?oc=5,2026-06-16T15:01:10.706330
Marko Garbett,New Zealand,OUT,serious,,10,New Zealand's Garbett ruled out of World Cup with injury - Reuters,0.95,https://news.google.com/rss/articles/CBMipAFBVV95cUxOZGxFb3BySDlOc0VHLWRzOWFwRWtCQzE1WHdXR3p3dzdTWmpmd0puZUtWbEpIOWdTMlFSQVlwZlZCS2dsMzlhR0RIMmVJNFppbVRZdjh1SFFaTmoxYnp1QUppV2E2eFhkNUc4VUo4T21jWHAxbC1GV3RlMTYzUEtyZkFIVFF4d3lTTzh4REYyLUt4U3k1d3VjU1Y2b3hodndMSWV4Nw?oc=5,2026-06-16T15:01:10.706330
Noussair Mazraoui,Morocco,DOUBT,moderate,,35,Huge Noussair Mazraoui injury update ahead of Morocco's World Cup campaign - Yahoo Sports,0.88,https://news.google.com/rss/articles/CBMijAFBVV95cUxPWUlEWUJRbzZmU0lueXVZLVZ0Nkc5WE1aYTcya3hTR21lRXc1WWh2TXU1MmJnY3BBX1BoMUMxaXpVTVZBcVpVMGhzdDR1V2lfZkNZbE4xcG5BOF9IZTk0T3BRVVc3TnBfeUxZQmYwTndKcjBVUHZTekxXOXhVZnZQTkhCakpQanpBMjdwcg?oc=5,2026-06-16T15:01:10.706330
Aleksandar Karl,Germany,OUT,serious,,33,Germany's young midfield star Karl ruled out of World Cup after injury in training - MSN,0.85,https://news.google.com/rss/articles/CBMikgJBVV95cUxQQ29peENNelZTTGlJeV9tVEdWM0pMV0tuLUU0aGc3SWVEN3FMN2lJRV9GUVZDX0pkVHlRaFlHRG5LYWtweGlzTVpnVzNjSDJlWTRzMjY3LVZpWlFnY2tFdlBJb3NPSUVVb0NodnBtTHhpUjYzSnFKejJuMWpuT1BhZHZpQVB5MWlrX2FPS3hmNXFYQ2JiQU5EWERLTWJmRFd5NGNrLUJMcVlaRVFDYXViSzJVYzVmdFhWUWRwbm1hV3pVMDE5d3ZSNXNBVm9KQktIUldJenU5NXhrWXVzd180S3BuRTh2SWg4NmtfTmxTSzVrTTdrMmgzREhZa3BBZ1lnaWo3eHFhX3ZGTS1DN29PSmFB?oc=5,2026-06-16T15:01:10.706330
Jeremy Doku,Belgium,DOUBT,moderate,,7,FIFA World Cup 2026: Doku Availability in Doubt for World Cup Knockout Stages - Revsportz,0.72,https://news.google.com/rss/articles/CBMinwFBVV95cUxNTEdTUUlMb2x2T2UwTGF2bEwwOVRRMUk5cm13OE1IR2Z2dDk5UnBLRHNCUXZaVXRuSVFrN3U0RXNxcDJkYWNiN3UzZ0ZHM0NrSGVsZm5tRjd5bEM0Z3o2dmJTSkRyYmxOOWpJdlJNUExJVnVPZGJnN0VBa2hBNHRMMEZDMy1Lc21Cbld4c3lJMUJVcGtTdjJrMVlzZjFfZmPSAacBQVVfeXFMT1pLWmU4RnAzd0ozNkxWb0lvdGMzMy1Rb3lDQVA2Nm5FblBNV3ZSUkdvUjNwUndvdkhydThsTXhvMGMzdjV0QmliWWJqd1RfMEFPdGg5TkFNTm53VWhWVjhneUFDVHQtNWxBWlZ1MHdhSXdXeV9lVndxLWZWOEZseXczNjFvRDI0X05zQmNmWkgwd3cxczZLRGdlOWVYSVZnWDltWjJiakU?oc=5,2026-06-16T15:01:10.706330
Matt Garbett,New Zealand,OUT,serious,,11,"Injured Matt Garbett ruled out of New Zealand's World Cup squad, replaced by Logan Rogerson - The Washington Post",0.95,https://news.google.com/rss/articles/CBMi3gFBVV95cUxQVWppaENmVTl2d2ZSd1Q0ak45YTB1VnJwN2JKeTR4Vk85NkM1eEN3aHB5WVVOWDd6bVplOHZmTHdZNDlsYjVLMGEtbjlndUxnRXMyalQwaGpKYksxcEpsd25CdDB4cmRiVkE1OGl0em1UTGJXZkFtcHFQcE9xMTljZERyd25DVm1pX3ZMaTBVOW1taWF1MnZhYnZJbUhqMlNnaTZnWjhKX3hVNGdCNUZhZjdaNkU0cmhqc1pkbFd6YnVYNWlkNHlEa000RTdQbkZocl8xbHBOMXNBMUlWR2c?oc=5,2026-06-17T07:29:06.137396
Dudinha,Brazil,OUT,serious,,25,"Brazil's Dudinha injured ACL, meniscus in physical 1-0 loss to U.S. - The New York Times",0.92,https://news.google.com/rss/articles/CBMiqAFBVV95cUxQTlRsalN0YWNDZjd5OWUzaFhfZllUSnQ5Rzk3MnJuRHY5VDA1aEFsVjU1SnJucDMwS0R1V2U4blB3cTlUYWFBTUt3S2lTNFVaUk5NZmg0aFBzWHliTTVlMWN6T1lsNnlrMWVxekNBVFpsalFNQ192R3BMX09Rc2RmQzNkcU1OSEhPbEFlMy1SdTJxbEpDbkd0Zm1sRHFBZG02VWlCanpGT1o?oc=5,2026-06-17T07:29:06.137396
Alphonso Davies,Canada,DOUBT,moderate,,20,Alphonso Davies and the mystery of Canada's most contemplated hamstring - The Globe and Mail,0.75,https://news.google.com/rss/articles/CBMimgFBVV95cUxNTmllbktqUFV6MGdaaVp5SzkxeHJqaGhZb2ktQ2V1Q2Q0SXlHU2FDYUhhLWltOFFoc3dRT3lEZWtlalJseFlTTnpSZ0Zpc05DeGRCUmVnMk1PX2VXYUdZejZYWTBwR2xlUURNckZrWmFMTnB3QTNqbTVMVnBDd04xWWhSbE12SjF6a0dtOHF4Uk5HSGQyUmNxWXFR?oc=5,2026-06-17T07:29:06.137396
Lamine Yamal,Spain,RETURNED,minor,,2,"World Cup injury tracker: Lamine Yamal, Neymar and Christian Pulisic latest updates - The Independent",0.8,https://news.google.com/rss/articles/CBMiwwFBVV95cUxNUkZZZXJuWHUzcFNNcHZibFF6WU9NVHhidXBPLXJKVkJvRG1YTVpHWG8tNW5QMU9XMXlJejdjakFZZlNZd2szaWdaMHR1S293bTY5cURMblpOa05pc2I2MEx6R0NDZm9lQjVWMExIbFVONXNNYlJ3Y2FDNnhiQkd6aUtDcThIMGxwX0xiXzYwd0dSaVBmUEpldWVXcmpJRk9aaFlfcC1UYmd4SU0tLUhSZ284WmlnSkd5ZEJfOGM5alVsSUU?oc=5,2026-06-17T07:29:06.137396
Christian Pulisic,United States,DOUBT,moderate,,9,USMNT's Christian Pulisic injury update raises eyebrows at World Cup - New York Post,0.85,https://news.google.com/rss/articles/CBMiqAFBVV95cUxNcHRXMXdEdWdpcW1UcjZvVXZwdVVJVG56ZGdFOHd4Y1cybGpaY3RJSUotdXF0MXp0cG1ENXA1blBLTFZRR29hMjNNWF80Q29aVjI1ZDR3ZGgzQWR5NzhJYlZsZEN4enctX2lqWVcyVmU4cWpWX2Z0ZjgzRm9tcGVuSXVUaHlUMFI2dDBGMHFTeE5fRFhKZWpBbTdNWkFNT2Z5eGc2VHFqZzI?oc=5,2026-06-17T07:29:06.137396
Kylian Mbappé,France,DOUBT,minor,,26,"Kylian Mbappé, Lionel Messi deal with injury scares ahead of World Cup - MassLive",0.72,https://news.google.com/rss/articles/CBMitAFBVV95cUxNU0dkamxHNDlaUW1pU0t6bjAxYmVYd0hMUUJPd2ZGNWNNZ05UN25kSm12c1VFNXRsdEZnc3ZYM3ZvVkVKQjhYdUhVSUNBNXU3ckM1R0NsRTVrb1VtTzZpMEcwTjZRbVN4M3F5aFh3N2s4TEo2NzBscVc4dGk2NWJjYV83RGNrVWtZb1hwRmR2MUZPTXVIcmdHYVFXT3I3SDF3VDZBZ2ttSnR1VzlyRkpOZWpWTC0?oc=5,2026-06-17T07:29:06.137396
Ronald Araujo,Uruguay,DOUBT,moderate,,19,'We feel responsible' - Marcelo Bielsa takes blame for Ronald Araujo's injury at World Cup 2026 - Barca Blaugranes,0.82,https://news.google.com/rss/articles/CBMi4wFBVV95cUxQMkd6bHlmbUhPMFpaUUFNTUFuVnk1Qkkzd0Vub1JtRXhIOTRzYTVHSWpUYi14SmhvWlFuc0pxWjV4a1RIQnRqLTlrMGUyTzAtcUFqV1ZXNlZVQUpQa3lheUhIeDEya0V4RWRzd0lib05aSVNJbkJWclR1d08tQ1RpbERoTE5FZWFlMk5pWTlzelZ6R0ZWQ0xkRUFfMERsWEY5S0xXMUtkNmVvSXRYTTJuQjVxRmpJUGpBYVVmVkRmTW8teGVhLWo0WkxqTlpQV29oTVZ4OWRnallzNF8yRmNLLTdURQ?oc=5,2026-06-17T07:29:06.137396
Neymar,Brazil,OUT,serious,,28,"Neymar seen training for the first time for World Cup today, ruled out for group stage - Gamereactor UK",0.83,https://news.google.com/rss/articles/CBMivgFBVV95cUxNUHc4ZHU0QkVScm5OWkxqazJXMWdQMkNOTzUzd21wQU5hUm1tZ2FGTS1lVWNKcWgzXzdTUklhTkh5LU9aS0l1dWVjZlJPLUhzd3ZZclM3TTRCejQzYUxnX1JpaGUzeFl3LTFUenNqcDNjZ1BOUWVCajR4ZzZ2aGRqdmd5cmY0bGtjZDNtMDJLZVJGbHhBRmhlU0NGTW1VS2hfd3lwWW9saGxZVXJHOTdrM1NNOUdfY04zWThud053?oc=5,2026-06-17T07:29:06.137396
Tino Livramento,England,OUT,serious,,14,Trevoh Chalobah manifested World Cup call as he replaces injured Tino Livramento in England squad - DAZN,0.97,https://news.google.com/rss/articles/CBMirAFBVV95cUxOYmRVSHZya3pGN3NXZ0RxdnEwWm1lSGxUR3VRaE1MUlVORWZfMWQ3OUl4RUYtVEp2NzMzZEVfaks4TWJrakVrRDNDTEZaanVtWjdGZ0duSU81Y2Y1ZTBMNlNySlE1Nng5aTNTdEdDbEtXZ3ZwazBqNkNJa0dBaF80VmhiVnVxWFp3UVA3cmhDa0pLdF9keTVPN0N3b1ZiS2tpQUlUaXF2MzhFSUZP?oc=5,2026-06-17T07:29:06.137396
Lionel Messi,Argentina,DOUBT,minor,,26,"Kylian Mbappé, Lionel Messi deal with injury scares ahead of World Cup - MassLive",0.72,https://news.google.com/rss/articles/CBMitAFBVV95cUxNU0dkamxHNDlaUW1pU0t6bjAxYmVYd0hMUUJPd2ZGNWNNZ05UN25kSm12c1VFNXRsdEZnc3ZYM3ZvVkVKQjhYdUhVSUNBNXU3ckM1R0NsRTVrb1VtTzZpMEcwTjZRbVN4M3F5aFh3N2s4TEo2NzBscVc4dGk2NWJjYV83RGNrVWtZb1hwRmR2MUZPTXVIcmdHYVFXT3I3SDF3VDZBZ2ttSnR1VzlyRkpOZWpWTC0?oc=5,2026-06-17T07:29:06.137396
