match_no,date,home,away,home_odds,draw_odds,away_odds,implied_home,implied_draw,implied_away,overround
1,2026-06-11,Mexico,South Africa,1.43,4.4,7.75,0.6625,0.2153,0.1222,1.0556
2,2026-06-12,South Korea,Czech Republic,2.55,3.1,2.95,0.3722,0.3061,0.3217,1.0537
3,2026-06-12,Canada,Bosnia and Herzegovina,1.82,3.4,4.6,0.5179,0.2772,0.2049,1.061
4,2026-06-13,United States,Paraguay,2.0,3.25,3.9,0.4699,0.2892,0.241,1.0641
5,2026-06-13,Qatar,Switzerland,14.5,7.5,1.19,0.0661,0.1279,0.806,1.0426
6,2026-06-13,Brazil,Morocco,1.66,3.75,5.25,0.5686,0.2517,0.1798,1.0596
7,2026-06-14,Haiti,Scotland,4.75,4.33,1.63,0.1996,0.2189,0.5815,1.055
8,2026-06-14,Australia,Turkey,5.25,3.7,1.7,0.1816,0.2577,0.5608,1.049
9,2026-06-14,Germany,Curacao,1.05,17.0,51.0,0.9239,0.0571,0.019,1.0308
10,2026-06-14,Netherlands,Japan,2.0,3.5,3.7,0.4735,0.2706,0.2559,1.056
11,2026-06-14,Ivory Coast,Ecuador,3.25,2.9,2.45,0.2901,0.3251,0.3848,1.0607
12,2026-06-15,Sweden,Tunisia,1.87,3.4,4.5,0.5088,0.2798,0.2114,1.0511
13,2026-06-15,Spain,Cabo Verde,1.1,10.5,23.0,0.8676,0.0909,0.0415,1.0478
14,2026-06-15,Belgium,Egypt,1.53,4.2,6.0,0.6176,0.225,0.1575,1.0584
15,2026-06-15,Saudi Arabia,Uruguay,7.0,4.1,1.49,0.135,0.2306,0.6344,1.0579
16,2026-06-16,Iran,New Zealand,1.8,3.4,4.8,0.5251,0.278,0.1969,1.058
17,2026-06-16,France,Senegal,1.51,4.5,5.75,0.6257,0.21,0.1643,1.0584
18,2026-06-16,Iraq,Norway,13.0,6.75,1.21,0.0732,0.1409,0.786,1.0515
19,2026-06-17,Argentina,Algeria,1.55,4.2,5.75,0.6103,0.2252,0.1645,1.0572
20,2026-06-17,Austria,Jordan,1.39,4.8,7.75,0.6808,0.1971,0.1221,1.0568
21,2026-06-17,Portugal,Congo DR,1.29,5.5,10.5,0.7367,0.1728,0.0905,1.0523
22,2026-06-17,England,Croatia,1.68,3.8,5.0,0.5624,0.2486,0.189,1.0584
23,2026-06-17,Ghana,Panama,2.3,3.2,3.2,0.4103,0.2949,0.2949,1.0598
24,2026-06-18,Uzbekistan,Colombia,9.25,5.0,1.34,0.1025,0.1897,0.7078,1.0544
25,2026-06-18,Czech Republic,South Africa,1.87,3.4,4.33,0.5046,0.2775,0.2179,1.0598
26,2026-06-18,Switzerland,Bosnia and Herzegovina,1.53,4.2,6.0,0.6176,0.225,0.1575,1.0584
27,2026-06-18,Canada,Qatar,1.25,6.25,11.5,0.7641,0.1528,0.0831,1.047
28,2026-06-19,Mexico,South Korea,2.05,3.1,4.0,0.46,0.3042,0.2358,1.0604
29,2026-06-19,United States,Australia,1.57,4.0,6.0,0.6045,0.2373,0.1582,1.0536
30,2026-06-19,Scotland,Morocco,5.25,3.6,1.68,0.1791,0.2612,0.5597,1.0635
31,2026-06-20,Brazil,Haiti,1.1,11.0,23.0,0.8712,0.0871,0.0417,1.0435
32,2026-06-20,Turkey,Paraguay,2.05,3.3,3.75,0.4613,0.2866,0.2522,1.0575
33,2026-06-20,Netherlands,Sweden,1.68,4.0,4.6,0.5602,0.2353,0.2046,1.0626
34,2026-06-20,Germany,Ivory Coast,1.49,4.75,5.75,0.6358,0.1994,0.1648,1.0556
35,2026-06-21,Ecuador,Curacao,1.15,8.75,15.5,0.8294,0.109,0.0615,1.0484
36,2026-06-21,Tunisia,Japan,7.5,4.33,1.46,0.1271,0.2201,0.6528,1.0492
37,2026-06-21,Spain,Saudi Arabia,1.11,11.0,20.0,0.8647,0.0873,0.048,1.0418
38,2026-06-21,Belgium,Iran,1.42,4.75,7.25,0.669,0.2,0.131,1.0527
39,2026-06-21,Uruguay,Cabo Verde,1.4,4.6,8.5,0.6807,0.2072,0.1121,1.0493
40,2026-06-22,New Zealand,Egypt,5.5,3.75,1.65,0.1724,0.2529,0.5747,1.0545
41,2026-06-22,Argentina,Austria,1.47,4.4,6.75,0.6444,0.2153,0.1403,1.0557
42,2026-06-22,France,Iraq,1.09,12.0,26.0,0.8828,0.0802,0.037,1.0392
43,2026-06-23,Norway,Senegal,2.4,3.4,2.8,0.3902,0.2754,0.3344,1.0679
44,2026-06-23,Jordan,Algeria,7.0,4.33,1.47,0.1355,0.2191,0.6454,1.0541
45,2026-06-23,Portugal,Uzbekistan,1.14,8.5,19.0,0.8374,0.1123,0.0502,1.0475
46,2026-06-23,England,Ghana,1.18,7.5,17.0,0.8152,0.1283,0.0566,1.0396
47,2026-06-23,Panama,Croatia,7.0,4.48,1.48,0.1371,0.2143,0.6486,1.0417
48,2026-06-24,Colombia,Congo DR,1.53,4.0,6.95,0.624,0.2387,0.1374,1.0475
49,2026-06-24,Switzerland,Canada,2.35,3.1,3.3,0.4048,0.3069,0.2883,1.0511
51,2026-06-24,Scotland,Brazil,9.125,5.45,1.33,0.1049,0.1756,0.7195,1.045
52,2026-06-24,Morocco,Haiti,1.19,7.2,16.0,0.8067,0.1333,0.06,1.0417
53,2026-06-25,Czech Republic,Mexico,3.7,3.8,1.94,0.2577,0.2509,0.4914,1.0489
54,2026-06-25,South Africa,South Korea,5.36,3.8,1.67,0.1779,0.251,0.5711,1.0485
55,2026-06-25,Curacao,Ivory Coast,19.0,8.09,1.15,0.0503,0.1182,0.8315,1.0458
56,2026-06-25,Ecuador,Germany,3.8,4.0,1.85,0.2497,0.2373,0.513,1.0537
57,2026-06-25,Japan,Sweden,1.895,3.45,4.315,0.5029,0.2762,0.2209,1.0493
58,2026-06-25,Tunisia,Netherlands,22.705,8.5,1.13,0.0421,0.1124,0.8455,1.0466
59,2026-06-26,Turkey,United States,3.6,4.0,1.9,0.2635,0.2372,0.4993,1.0541
60,2026-06-26,Paraguay,Australia,2.925,2.2,3.925,0.3252,0.4324,0.2424,1.0512
61,2026-06-26,Norway,France,4.75,4.6,1.62,0.2014,0.208,0.5906,1.0452
62,2026-06-26,Senegal,Iraq,1.22,6.6,12.0,0.7773,0.1437,0.079,1.0545
63,2026-06-27,Cabo Verde,Saudi Arabia,2.65,3.3,2.75,0.3614,0.2903,0.3483,1.044
64,2026-06-27,Uruguay,Spain,6.25,3.76,1.61,0.1528,0.254,0.5932,1.0471
65,2026-06-27,Egypt,Iran,2.5,2.6,3.85,0.383,0.3683,0.2487,1.0444
66,2026-06-27,New Zealand,Belgium,15.5,7.9,1.18,0.0621,0.1219,0.816,1.0386
67,2026-06-27,Panama,England,16.0,8.0,1.16,0.0595,0.1191,0.8214,1.0496
68,2026-06-27,Croatia,Ghana,1.77,3.28,5.7,0.5405,0.2917,0.1678,1.0453
69,2026-06-27,Colombia,Portugal,4.1,3.65,1.87,0.2317,0.2603,0.508,1.0526
70,2026-06-27,Congo DR,Uzbekistan,1.74,4.1,4.33,0.5476,0.2324,0.22,1.0496
71,2026-06-28,Algeria,Austria,4.0,2.2,2.9,0.2382,0.4332,0.3286,1.0494
72,2026-06-28,Jordan,Argentina,15.0,7.5,1.18,0.0636,0.1273,0.8091,1.0475
73,2026-06-28,South Africa,Canada,5.5,3.6,1.7,0.1735,0.2651,0.5614,1.0478
74,2026-06-29,Brazil,Japan,1.73,3.73,4.95,0.5515,0.2558,0.1927,1.0482
76,2026-06-30,Netherlands,Morocco,2.1,3.3,3.7,0.4537,0.2887,0.2575,1.0495
