caps_top22,caps_top11,goal_rate_top4_fw,fw_goals_top4_total,age_top22_avg,age_top22_std,top5_league_pct,big_club_pct,chemistry_max_cluster,chemistry_top3_sum,unique_clubs,gk_avg_caps,squad_size,team,n_injured_out,availability_pct
63.54545454545455,102.81818181818181,0.30628803245436104,151,29.90909090909091,4.395983999592733,0.0,0.0,6,15,8,21.666666666666668,26,Qatar,0,1.0
67.9090909090909,94.36363636363636,0.24489795918367346,36,30.454545454545453,3.8263158051437207,0.0,0.0,2,6,23,36.333333333333336,26,Panama,0,1.0
52.0,87.36363636363636,0.2586750788643533,82,28.59090909090909,4.727418412673544,0.6153846153846154,0.34615384615384615,2,5,24,26.333333333333332,26,Croatia,0,1.0
54.13636363636363,85.63636363636364,0.21724137931034482,63,28.227272727272727,4.4820469195161925,0.15384615384615385,0.07692307692307693,5,8,21,57.666666666666664,26,Mexico,0,1.0
55.36363636363637,84.36363636363636,0.5029411764705882,171,29.045454545454547,4.314728626099574,0.76,0.64,6,10,18,23.333333333333332,25,Argentina,0,1.0
52.27272727272727,82.81818181818181,0.4425287356321839,77,30.5,3.6612514123946616,0.0,0.0,4,11,14,38.0,26,Iran,0,1.0
50.59090909090909,80.36363636363636,0.2608695652173913,54,28.727272727272727,3.4112114616897666,0.7307692307692307,0.15384615384615385,2,5,24,11.666666666666666,26,Switzerland,0,1.0
49.0,80.0909090909091,0.46,115,28.181818181818183,4.7772911594868095,0.6923076923076923,0.6153846153846154,3,8,18,37.0,26,Belgium,0,1.0
50.95454545454545,78.36363636363636,0.5118343195266272,173,27.363636363636363,4.381187646609672,0.6153846153846154,0.8461538461538461,4,10,17,16.666666666666668,26,Portugal,0,1.0
47.77272727272727,73.9090909090909,0.2326388888888889,67,28.5,3.851406669430448,0.038461538461538464,0.0,7,12,14,30.666666666666668,26,Jordan,0,1.0
46.09090909090909,70.72727272727273,0.3017241379310345,35,30.40909090909091,3.4456195919303645,0.3076923076923077,0.15384615384615385,2,5,24,61.333333333333336,26,Colombia,0,1.0
44.95454545454545,69.0909090909091,0.2923076923076923,76,28.772727272727273,3.5581137081567755,0.64,0.32,2,6,21,15.0,25,Austria,0,1.0
41.22727272727273,68.9090909090909,0.36257309941520466,62,27.681818181818183,3.9687633150746406,0.2,0.12,3,6,22,46.0,25,South Korea,1,0.9615384615384616
43.27272727272727,67.27272727272727,0.33204633204633205,86,27.09090909090909,5.299677356837876,0.6923076923076923,0.34615384615384615,2,6,22,21.0,26,Senegal,0,1.0
43.72727272727273,66.54545454545455,0.2421875,31,29.5,4.43739520332325,0.5,0.15384615384615385,2,6,22,36.333333333333336,26,Scotland,0,1.0
37.72727272727273,64.9090909090909,0.367816091954023,32,28.318181818181817,4.65358401190353,0.9615384615384616,0.9230769230769231,6,14,13,46.666666666666664,26,Germany,0,1.0
42.13636363636363,62.63636363636363,0.33755274261603374,80,26.863636363636363,3.370678249473222,0.28,0.08,3,7,21,17.333333333333332,25,Canada,0,1.0
36.63636363636363,62.18181818181818,0.4624505928853755,117,27.0,4.186144947778269,0.96,0.84,4,11,16,29.666666666666668,25,England,1,0.9615384615384616
41.09090909090909,60.54545454545455,0.18487394957983194,22,28.454545454545453,3.4603505565225574,0.2692307692307692,0.3076923076923077,3,7,22,59.0,26,Uruguay,0,1.0
40.81818181818182,60.0,0.37967914438502676,71,28.636363636363637,3.848876824978011,0.038461538461538464,0.038461538461538464,3,9,16,16.666666666666668,26,Uzbekistan,0,1.0
37.09090909090909,59.81818181818182,0.3271604938271605,106,28.772727272727273,3.4768871981622573,0.11538461538461539,0.07692307692307693,8,14,14,21.25,26,Egypt,0,1.0
38.31818181818182,59.72727272727273,0.39015151515151514,103,27.954545454545453,3.5385936502578286,0.7307692307692307,0.7692307692307693,3,9,19,14.0,26,Netherlands,0,1.0
39.0,59.09090909090909,0.2553191489361702,72,28.09090909090909,3.676295896027891,0.038461538461538464,0.6923076923076923,7,17,9,31.333333333333332,26,Saudi Arabia,0,1.0
34.04545454545455,58.90909090909091,0.4485294117647059,61,26.181818181818183,4.875950345818933,0.56,0.44,2,5,23,48.666666666666664,25,Morocco,1,0.9615384615384616
35.40909090909091,58.45454545454545,0.21875,28,29.09090909090909,4.513567809648413,0.56,0.56,4,8,19,40.333333333333336,25,Brazil,1,0.9615384615384616
42.09090909090909,57.36363636363637,0.3076923076923077,64,26.59090909090909,3.5944281074899,0.46153846153846156,0.19230769230769232,2,5,24,23.333333333333332,26,United States,0,1.0
42.40909090909091,57.36363636363637,0.20512820512820512,32,27.90909090909091,3.6762958960278915,0.34615384615384615,0.8461538461538461,6,13,16,29.333333333333332,26,Turkey,0,1.0
33.0,55.81818181818182,0.19411764705882353,33,27.818181818181817,4.717105283018628,0.19230769230769232,0.038461538461538464,3,7,22,36.666666666666664,26,Australia,0,1.0
33.22727272727273,55.27272727272727,0.3697916666666667,71,26.454545454545453,3.712620339268451,0.38461538461538464,0.38461538461538464,2,5,24,3.3333333333333335,26,Algeria,0,1.0
35.09090909090909,54.72727272727273,0.45,27,27.5,3.8141341150540375,0.48,0.28,2,6,22,13.0,25,Japan,1,0.9615384615384616
35.95454545454545,54.63636363636363,0.35096153846153844,73,26.545454545454547,3.7381848501680564,0.8461538461538461,0.7307692307692307,5,9,18,14.666666666666666,26,France,0,1.0
35.68181818181818,54.54545454545455,0.30454545454545456,67,27.0,3.8297084310253524,0.038461538461538464,0.0,3,8,20,45.666666666666664,26,Iraq,0,1.0
34.31818181818182,53.09090909090909,0.32323232323232326,64,25.90909090909091,4.503005249503522,0.19230769230769232,0.15384615384615385,3,6,23,15.333333333333334,26,Ecuador,0,1.0
35.40909090909091,52.45454545454545,0.24647887323943662,35,29.59090909090909,4.777517694857375,0.038461538461538464,0.038461538461538464,1,3,26,32.666666666666664,26,Cape Verde,0,1.0
35.90909090909091,52.0,0.5459770114942529,95,26.636363636363637,3.140298052967562,0.6153846153846154,0.2692307692307692,3,7,22,26.0,26,Norway,0,1.0
34.72727272727273,51.27272727272727,0.22748815165876776,48,29.0,3.450327796711771,0.38461538461538464,0.11538461538461539,2,5,24,10.666666666666666,26,DR Congo,0,1.0
37.04545454545455,50.63636363636363,0.3173076923076923,66,28.272727272727273,4.712514425207864,0.11538461538461539,0.0,5,9,20,12.666666666666666,26,New Zealand,0,1.0
31.545454545454547,48.09090909090909,0.2196969696969697,29,25.59090909090909,3.9959394974814706,0.46153846153846156,0.34615384615384615,2,4,25,13.0,26,Ivory Coast,0,1.0
31.045454545454547,47.81818181818182,0.13970588235294118,19,28.90909090909091,4.566014109536331,0.07692307692307693,0.038461538461538464,3,7,22,12.666666666666666,26,Paraguay,0,1.0
32.59090909090909,47.63636363636363,0.3728813559322034,44,28.227272727272727,3.435553856808288,0.2692307692307692,0.07692307692307693,10,16,11,11.666666666666666,26,Czech Republic,0,1.0
33.13636363636363,46.54545454545455,0.3526315789473684,67,26.318181818181817,3.8961075036058337,1.0,0.8846153846153846,8,14,13,24.333333333333332,26,Spain,0,1.0
28.227272727272727,46.54545454545455,0.45933014354066987,96,27.863636363636363,3.8949962350425538,0.11538461538461539,0.0,2,4,25,34.0,26,Haiti,0,1.0
26.136363636363637,42.63636363636363,0.19148936170212766,18,26.545454545454547,3.9967519280067876,0.23076923076923078,0.07692307692307693,2,5,24,13.666666666666666,26,Tunisia,0,1.0
27.318181818181817,42.27272727272727,0.20689655172413793,24,27.90909090909091,4.173716978894642,0.038461538461538464,0.038461538461538464,2,6,22,27.666666666666668,26,Curacao,0,1.0
26.545454545454547,41.81818181818182,0.3886255924170616,82,26.772727272727273,4.607776224123925,0.23076923076923078,0.15384615384615385,2,5,24,9.666666666666666,26,Bosnia and Herzegovina,0,1.0
25.318181818181817,41.54545454545455,0.22395833333333334,43,26.40909090909091,4.147966695337332,0.5769230769230769,0.11538461538461539,3,6,23,13.666666666666666,26,Ghana,0,1.0
23.227272727272727,35.54545454545455,0.35877862595419846,47,27.045454545454547,3.5920185693558717,0.5769230769230769,0.3076923076923077,1,3,26,12.0,26,Sweden,0,1.0
20.90909090909091,34.45454545454545,0.3111111111111111,28,26.727272727272727,4.431293675255978,0.038461538461538464,0.0,8,17,12,23.0,26,South Africa,0,1.0
