referee,referee_country,n_matches
Adham MAKHADMEH,JOR,4
Clement TURPIN,FRA,4
Michael OLIVER,ENG,4
Ivan BARTON,SLV,4
Anthony TAYLOR,ENG,3
Alireza FAGHANI,AUS,3
Danny MAKKELIE,NED,3
Francois LETEXIER,FRA,3
Jalal JAYED,MAR,3
Glenn NYBERG,SWE,3
Wilton SAMPAIO,BRA,3
Joao PINHEIRO,POR,3
Ismail ELFATH,USA,3
Yael FALCON PEREZ,ARG,3
Slavko VINCIC,SVN,3
Said MARTINEZ,HON,3
Ilgiz TANTASHEV,UZB,3
Drew FISCHER,CAN,3
Jesus VALENZUELA,VEN,3
Facundo TELLO,ARG,3
Maurizio MARIANI,ITA,3
Ramon ABATTI,BRA,2
Amin MOHAMED,EGY,2
Abdulrahman ALJASSIM,QAT,2
Felix ZWAYER,GER,2
Cesar RAMOS,MEX,2
Tori PENSO,USA,2
Raphael CLAUS,BRA,2
Szymon MARCINIAK,POL,2
Istvan KOVACS,ROU,2
Espen ESKAS,NOR,2
Gustavo TEJERA,URU,2
Mustapha GHORBAL,ALG,2
Pierre ATCHO,GAB,2
Dahane BEIDA,MTN,1
Cristian GARAY,CHI,1
Alejandro HERNANDEZ,ESP,1
Dario HERRERA,ARG,1
Omar ALALI,UAE,1
Juan Gabriel BENITEZ,PAR,1
Katia GARCIA,MEX,1
MA Ning,CHN,1
