match_no,id_match,id_stage,id_group,date_utc,stage,group_label,match_number_official,home,away,home_id,away_id,home_country,away_country,stadium_id,stadium_name,referee,referee_country
1,400021443,289273,289275,2026-06-11T19:00:00+00:00,group,A,1,Mexico,South Africa,43911,43883,MEX,RSA,400222084,Mexico City Stadium,Wilton SAMPAIO,BRA
2,400021441,289273,289275,2026-06-12T02:00:00+00:00,group,A,2,South Korea,Czech Republic,43822,43995,KOR,CZE,400252150,Guadalajara Stadium,Amin MOHAMED,EGY
3,400021449,289273,289276,2026-06-12T19:00:00+00:00,group,B,3,Canada,Bosnia and Herzegovina,43899,44037,CAN,BIH,400242032,Toronto Stadium,Facundo TELLO,ARG
4,400021458,289273,289278,2026-06-13T01:00:00+00:00,group,D,4,United States,Paraguay,43921,43928,USA,PAR,400017978,Los Angeles Stadium,Danny MAKKELIE,NED
5,400021447,289273,289276,2026-06-13T19:00:00+00:00,group,B,8,Qatar,Switzerland,43834,43971,QAT,SUI,400257521,San Francisco Bay Area Stadium,Said MARTINEZ,HON
6,400021456,289273,289277,2026-06-13T22:00:00+00:00,group,C,7,Brazil,Morocco,43924,43872,BRA,MAR,400257536,New York/New Jersey Stadium,Slavko VINCIC,SVN
7,400021453,289273,289277,2026-06-14T01:00:00+00:00,group,C,5,Haiti,Scotland,43908,43967,HAI,SCO,400248623,Boston Stadium,Mustapha GHORBAL,ALG
8,400021463,289273,289278,2026-06-14T04:00:00+00:00,group,D,6,Australia,Turkey,43976,43972,AUS,TUR,400248370,BC Place Vancouver,Jesus VALENZUELA,VEN
9,400021464,289273,289279,2026-06-14T17:00:00+00:00,group,E,10,Germany,Curacao,43948,1895293,GER,CUW,400249385,Houston Stadium,Jalal JAYED,MAR
10,400021470,289273,289280,2026-06-14T20:00:00+00:00,group,F,11,Netherlands,Japan,43960,43819,NED,JPN,400257526,Dallas Stadium,Ismail ELFATH,USA
11,400021467,289273,289279,2026-06-14T23:00:00+00:00,group,E,9,Ivory Coast,Ecuador,43854,43927,CIV,ECU,400248622,Philadelphia Stadium,Francois LETEXIER,FRA
12,400021474,289273,289280,2026-06-15T02:00:00+00:00,group,F,12,Sweden,Tunisia,43970,43888,SWE,TUN,400238450,Monterrey Stadium,Yael FALCON PEREZ,ARG
13,400021482,289273,289282,2026-06-15T16:00:00+00:00,group,H,14,Spain,Cabo Verde,43969,43850,ESP,CPV,400098290,Atlanta Stadium,Adham MAKHADMEH,JOR
14,400021478,289273,289281,2026-06-15T19:00:00+00:00,group,G,16,Belgium,Egypt,43935,43855,BEL,EGY,400216606,Seattle Stadium,Ramon ABATTI,BRA
15,400021486,289273,289282,2026-06-15T22:00:00+00:00,group,H,13,Saudi Arabia,Uruguay,43835,43930,KSA,URU,400257525,Miami Stadium,Maurizio MARIANI,ITA
16,400021476,289273,289281,2026-06-16T01:00:00+00:00,group,G,15,Iran,New Zealand,43817,43978,IRN,NZL,400017978,Los Angeles Stadium,Cesar RAMOS,MEX
17,400021490,289273,289283,2026-06-16T19:00:00+00:00,group,I,17,France,Senegal,43946,43879,FRA,SEN,400257536,New York/New Jersey Stadium,Alireza FAGHANI,AUS
18,400021488,289273,289283,2026-06-16T22:00:00+00:00,group,I,18,Iraq,Norway,43818,43961,IRQ,NOR,400248623,Boston Stadium,Pierre ATCHO,GAB
19,400021496,289273,289284,2026-06-17T01:00:00+00:00,group,J,19,Argentina,Algeria,43922,43843,ARG,ALG,400254717,Kansas City Stadium,Szymon MARCINIAK,POL
20,400021498,289273,289284,2026-06-17T04:00:00+00:00,group,J,20,Austria,Jordan,43934,43820,AUT,JOR,400257521,San Francisco Bay Area Stadium,Dahane BEIDA,MTN
21,400021502,289273,289285,2026-06-17T17:00:00+00:00,group,K,23,Portugal,Congo DR,43963,20014,POR,COD,400249385,Houston Stadium,Abdulrahman ALJASSIM,QAT
22,400021507,289273,289286,2026-06-17T20:00:00+00:00,group,L,22,England,Croatia,43942,43938,ENG,CRO,400257526,Dallas Stadium,Clement TURPIN,FRA
23,400021510,289273,289286,2026-06-17T23:00:00+00:00,group,L,21,Ghana,Panama,43860,43914,GHA,PAN,400242032,Toronto Stadium,Glenn NYBERG,SWE
24,400021504,289273,289285,2026-06-18T02:00:00+00:00,group,K,24,Uzbekistan,Colombia,44005,43926,UZB,COL,400222084,Mexico City Stadium,Anthony TAYLOR,ENG
25,400021440,289273,289275,2026-06-18T16:00:00+00:00,group,A,25,Czech Republic,South Africa,43995,43883,CZE,RSA,400098290,Atlanta Stadium,Tori PENSO,USA
26,400021446,289273,289276,2026-06-18T19:00:00+00:00,group,B,26,Switzerland,Bosnia and Herzegovina,43971,44037,SUI,BIH,400017978,Los Angeles Stadium,Joao PINHEIRO,POR
27,400021450,289273,289276,2026-06-18T22:00:00+00:00,group,B,27,Canada,Qatar,43899,43834,CAN,QAT,400248370,BC Place Vancouver,Cristian GARAY,CHI
28,400021442,289273,289275,2026-06-19T01:00:00+00:00,group,A,28,Mexico,South Korea,43911,43822,MEX,KOR,400252150,Guadalajara Stadium,Gustavo TEJERA,URU
29,400021462,289273,289278,2026-06-19T19:00:00+00:00,group,D,32,United States,Australia,43921,43976,USA,AUS,400216606,Seattle Stadium,Felix ZWAYER,GER
30,400021454,289273,289277,2026-06-19T22:00:00+00:00,group,C,30,Scotland,Morocco,43967,43872,SCO,MAR,400248623,Boston Stadium,Ilgiz TANTASHEV,UZB
31,400021457,289273,289277,2026-06-20T00:30:00+00:00,group,C,29,Brazil,Haiti,43924,43908,BRA,HAI,400248622,Philadelphia Stadium,Alejandro HERNANDEZ,ESP
32,400021460,289273,289278,2026-06-20T03:00:00+00:00,group,D,31,Turkey,Paraguay,43972,43928,TUR,PAR,400257521,San Francisco Bay Area Stadium,Ivan BARTON,SLV
33,400021472,289273,289280,2026-06-20T17:00:00+00:00,group,F,35,Netherlands,Sweden,43960,43970,NED,SWE,400249385,Houston Stadium,Michael OLIVER,ENG
34,400021469,289273,289279,2026-06-20T20:00:00+00:00,group,E,33,Germany,Ivory Coast,43948,43854,GER,CIV,400242032,Toronto Stadium,Juan Gabriel BENITEZ,PAR
35,400021465,289273,289279,2026-06-21T00:00:00+00:00,group,E,34,Ecuador,Curacao,43927,1895293,ECU,CUW,400254717,Kansas City Stadium,MA Ning,CHN
36,400021475,289273,289280,2026-06-21T04:00:00+00:00,group,F,36,Tunisia,Japan,43888,43819,TUN,JPN,400238450,Monterrey Stadium,Istvan KOVACS,ROU
37,400021483,289273,289282,2026-06-21T16:00:00+00:00,group,H,38,Spain,Saudi Arabia,43969,43835,ESP,KSA,400098290,Atlanta Stadium,Raphael CLAUS,BRA
38,400021477,289273,289281,2026-06-21T19:00:00+00:00,group,G,39,Belgium,Iran,43935,43817,BEL,IRN,400017978,Los Angeles Stadium,Dario HERRERA,ARG
39,400021487,289273,289282,2026-06-21T22:00:00+00:00,group,H,37,Uruguay,Cabo Verde,43930,43850,URU,CPV,400257525,Miami Stadium,Espen ESKAS,NOR
40,400021480,289273,289281,2026-06-22T01:00:00+00:00,group,G,40,New Zealand,Egypt,43978,43855,NZL,EGY,400248370,BC Place Vancouver,Omar ALALI,UAE
41,400021494,289273,289284,2026-06-22T17:00:00+00:00,group,J,43,Argentina,Austria,43922,43934,ARG,AUT,400257526,Dallas Stadium,Amin MOHAMED,EGY
42,400021492,289273,289283,2026-06-22T21:00:00+00:00,group,I,42,France,Iraq,43946,43818,FRA,IRQ,400248622,Philadelphia Stadium,Drew FISCHER,CAN
43,400021491,289273,289283,2026-06-23T00:00:00+00:00,group,I,41,Norway,Senegal,43961,43879,NOR,SEN,400257536,New York/New Jersey Stadium,Wilton SAMPAIO,BRA
44,400021499,289273,289284,2026-06-23T03:00:00+00:00,group,J,44,Jordan,Algeria,43820,43843,JOR,ALG,400257521,San Francisco Bay Area Stadium,Slavko VINCIC,SVN
45,400021503,289273,289285,2026-06-23T17:00:00+00:00,group,K,47,Portugal,Uzbekistan,43963,44005,POR,UZB,400249385,Houston Stadium,Jalal JAYED,MAR
46,400021506,289273,289286,2026-06-23T20:00:00+00:00,group,L,45,England,Ghana,43942,43860,ENG,GHA,400248623,Boston Stadium,Said MARTINEZ,HON
47,400021511,289273,289286,2026-06-23T23:00:00+00:00,group,L,46,Panama,Croatia,43914,43938,PAN,CRO,400242032,Toronto Stadium,Pierre ATCHO,GAB
48,400021501,289273,289285,2026-06-24T02:00:00+00:00,group,K,48,Colombia,Congo DR,43926,20014,COL,COD,400252150,Guadalajara Stadium,Maurizio MARIANI,ITA
49,400021451,289273,289276,2026-06-24T19:00:00+00:00,group,B,51,Switzerland,Canada,43971,43899,SUI,CAN,400248370,BC Place Vancouver,Ramon ABATTI,BRA
50,400021448,289273,289276,2026-06-24T19:00:00+00:00,group,B,52,Bosnia and Herzegovina,Qatar,44037,43834,BIH,QAT,400216606,Seattle Stadium,Jesus VALENZUELA,VEN
51,400021455,289273,289277,2026-06-24T22:00:00+00:00,group,C,49,Scotland,Brazil,43967,43924,SCO,BRA,400257525,Miami Stadium,Cesar RAMOS,MEX
52,400021452,289273,289277,2026-06-24T22:00:00+00:00,group,C,50,Morocco,Haiti,43872,43908,MAR,HAI,400098290,Atlanta Stadium,Danny MAKKELIE,NED
53,400021444,289273,289275,2026-06-25T01:00:00+00:00,group,A,53,Czech Republic,Mexico,43995,43911,CZE,MEX,400222084,Mexico City Stadium,Yael FALCON PEREZ,ARG
54,400021445,289273,289275,2026-06-25T01:00:00+00:00,group,A,54,South Africa,South Korea,43883,43822,RSA,KOR,400238450,Monterrey Stadium,Facundo TELLO,ARG
55,400021468,289273,289279,2026-06-25T20:00:00+00:00,group,E,55,Curacao,Ivory Coast,1895293,43854,CUW,CIV,400248622,Philadelphia Stadium,Glenn NYBERG,SWE
56,400021466,289273,289279,2026-06-25T20:00:00+00:00,group,E,56,Ecuador,Germany,43927,43948,ECU,GER,400257536,New York/New Jersey Stadium,Tori PENSO,USA
57,400021471,289273,289280,2026-06-25T23:00:00+00:00,group,F,57,Japan,Sweden,43819,43970,JPN,SWE,400257526,Dallas Stadium,Ivan BARTON,SLV
58,400021473,289273,289280,2026-06-25T23:00:00+00:00,group,F,58,Tunisia,Netherlands,43888,43960,TUN,NED,400254717,Kansas City Stadium,Katia GARCIA,MEX
59,400021459,289273,289278,2026-06-26T02:00:00+00:00,group,D,59,Turkey,United States,43972,43921,TUR,USA,400017978,Los Angeles Stadium,Mustapha GHORBAL,ALG
60,400021461,289273,289278,2026-06-26T02:00:00+00:00,group,D,60,Paraguay,Australia,43928,43976,PAR,AUS,400257521,San Francisco Bay Area Stadium,Clement TURPIN,FRA
61,400021489,289273,289283,2026-06-26T19:00:00+00:00,group,I,61,Norway,France,43961,43946,NOR,FRA,400248623,Boston Stadium,Michael OLIVER,ENG
62,400021493,289273,289283,2026-06-26T19:00:00+00:00,group,I,62,Senegal,Iraq,43879,43818,SEN,IRQ,400242032,Toronto Stadium,Anthony TAYLOR,ENG
63,400021485,289273,289282,2026-06-27T00:00:00+00:00,group,H,65,Cabo Verde,Saudi Arabia,43850,43835,CPV,KSA,400249385,Houston Stadium,Francois LETEXIER,FRA
64,400021484,289273,289282,2026-06-27T00:00:00+00:00,group,H,66,Uruguay,Spain,43930,43969,URU,ESP,400252150,Guadalajara Stadium,Ismail ELFATH,USA
65,400021479,289273,289281,2026-06-27T03:00:00+00:00,group,G,63,Egypt,Iran,43855,43817,EGY,IRN,400216606,Seattle Stadium,Szymon MARCINIAK,POL
66,400021481,289273,289281,2026-06-27T03:00:00+00:00,group,G,64,New Zealand,Belgium,43978,43935,NZL,BEL,400248370,BC Place Vancouver,Adham MAKHADMEH,JOR
67,400021508,289273,289286,2026-06-27T21:00:00+00:00,group,L,67,Panama,England,43914,43942,PAN,ENG,400257536,New York/New Jersey Stadium,Abdulrahman ALJASSIM,QAT
68,400021509,289273,289286,2026-06-27T21:00:00+00:00,group,L,68,Croatia,Ghana,43938,43860,CRO,GHA,400248622,Philadelphia Stadium,Drew FISCHER,CAN
69,400021505,289273,289285,2026-06-27T23:30:00+00:00,group,K,71,Colombia,Portugal,43926,43963,COL,POR,400257525,Miami Stadium,Alireza FAGHANI,AUS
70,400021500,289273,289285,2026-06-27T23:30:00+00:00,group,K,72,Congo DR,Uzbekistan,20014,44005,COD,UZB,400098290,Atlanta Stadium,Felix ZWAYER,GER
71,400021497,289273,289284,2026-06-28T02:00:00+00:00,group,J,69,Algeria,Austria,43843,43934,ALG,AUT,400254717,Kansas City Stadium,Ilgiz TANTASHEV,UZB
72,400021495,289273,289284,2026-06-28T02:00:00+00:00,group,J,70,Jordan,Argentina,43820,43922,JOR,ARG,400257526,Dallas Stadium,Istvan KOVACS,ROU
73,400021518,289287,,2026-06-28T19:00:00+00:00,R32,,73,South Africa,Canada,43883,43899,RSA,CAN,400017978,Los Angeles Stadium,Joao PINHEIRO,POR
74,400021516,289287,,2026-06-29T17:00:00+00:00,R32,,76,Brazil,Japan,43924,43819,BRA,JPN,400249385,Houston Stadium,Maurizio MARIANI,ITA
75,400021513,289287,,2026-06-29T20:30:00+00:00,R32,,74,Germany,Paraguay,43948,43928,GER,PAR,400248623,Boston Stadium,Jalal JAYED,MAR
76,400021522,289287,,2026-06-30T01:00:00+00:00,R32,,75,Netherlands,Morocco,43960,43872,NED,MAR,400238450,Monterrey Stadium,Wilton SAMPAIO,BRA
77,400021514,289287,,2026-06-30T17:00:00+00:00,R32,,78,Ivory Coast,Norway,43854,43961,CIV,NOR,400257526,Dallas Stadium,Jesus VALENZUELA,VEN
78,400021523,289287,,2026-06-30T21:00:00+00:00,R32,,77,France,Sweden,43946,43970,FRA,SWE,400257536,New York/New Jersey Stadium,Danny MAKKELIE,NED
79,400021520,289287,,2026-07-01T02:00:00+00:00,R32,,79,Mexico,Ecuador,43911,43927,MEX,ECU,400222084,Mexico City Stadium,Slavko VINCIC,SVN
80,400021512,289287,,2026-07-01T16:00:00+00:00,R32,,80,England,Congo DR,43942,20014,ENG,COD,400098290,Atlanta Stadium,Adham MAKHADMEH,JOR
81,400021525,289287,,2026-07-01T20:00:00+00:00,R32,,82,Belgium,Senegal,43935,43879,BEL,SEN,400216606,Seattle Stadium,Said MARTINEZ,HON
82,400021524,289287,,2026-07-02T00:00:00+00:00,R32,,81,United States,Bosnia and Herzegovina,43921,44037,USA,BIH,400257521,San Francisco Bay Area Stadium,Raphael CLAUS,BRA
83,400021519,289287,,2026-07-02T19:00:00+00:00,R32,,84,Spain,Austria,43969,43934,ESP,AUT,400017978,Los Angeles Stadium,Glenn NYBERG,SWE
84,400021526,289287,,2026-07-02T23:00:00+00:00,R32,,83,Portugal,Croatia,43963,43938,POR,CRO,400242032,Toronto Stadium,Espen ESKAS,NOR
85,400021527,289287,,2026-07-03T03:00:00+00:00,R32,,85,Switzerland,Algeria,43971,43843,SUI,ALG,400248370,BC Place Vancouver,Yael FALCON PEREZ,ARG
86,400021515,289287,,2026-07-03T18:00:00+00:00,R32,,88,Australia,Egypt,43976,43855,AUS,EGY,400257526,Dallas Stadium,Gustavo TEJERA,URU
87,400021521,289287,,2026-07-03T22:00:00+00:00,R32,,86,Argentina,Cabo Verde,43922,43850,ARG,CPV,400257525,Miami Stadium,Drew FISCHER,CAN
88,400021517,289287,,2026-07-04T01:30:00+00:00,R32,,87,Colombia,Ghana,43926,43860,COL,GHA,400254717,Kansas City Stadium,Clement TURPIN,FRA
89,400021530,289288,,2026-07-04T17:00:00+00:00,R16,,90,Canada,Morocco,43899,43872,CAN,MAR,400249385,Houston Stadium,Michael OLIVER,ENG
90,400021533,289288,,2026-07-04T21:00:00+00:00,R16,,89,Paraguay,France,43928,43946,PAR,FRA,400248622,Philadelphia Stadium,Ilgiz TANTASHEV,UZB
91,400021532,289288,,2026-07-05T20:00:00+00:00,R16,,91,Brazil,Norway,43924,43961,BRA,NOR,400257536,New York/New Jersey Stadium,Ismail ELFATH,USA
92,400021531,289288,,2026-07-06T01:00:00+00:00,R16,,92,Mexico,England,43911,43942,MEX,ENG,400222084,Mexico City Stadium,Alireza FAGHANI,AUS
93,400021529,289288,,2026-07-06T19:00:00+00:00,R16,,93,Portugal,Spain,43963,43969,POR,ESP,400257526,Dallas Stadium,Anthony TAYLOR,ENG
94,400021534,289288,,2026-07-07T00:00:00+00:00,R16,,94,United States,Belgium,43921,43935,USA,BEL,400216606,Seattle Stadium,Adham MAKHADMEH,JOR
95,400021528,289288,,2026-07-07T16:00:00+00:00,R16,,95,Argentina,Egypt,43922,43855,ARG,EGY,400098290,Atlanta Stadium,Francois LETEXIER,FRA
96,400021535,289288,,2026-07-07T20:00:00+00:00,R16,,96,Switzerland,Colombia,43971,43926,SUI,COL,400248370,BC Place Vancouver,Ivan BARTON,SLV
97,400021536,289289,,2026-07-09T20:00:00+00:00,QF,,97,France,Morocco,43946,43872,FRA,MAR,400248623,Boston Stadium,Facundo TELLO,ARG
98,400021538,289289,,2026-07-10T19:00:00+00:00,QF,,98,Spain,Belgium,43969,43935,ESP,BEL,400017978,Los Angeles Stadium,Michael OLIVER,ENG
99,400021539,289289,,2026-07-11T21:00:00+00:00,QF,,99,Norway,England,43961,43942,NOR,ENG,400257525,Miami Stadium,Clement TURPIN,FRA
100,400021537,289289,,2026-07-12T01:00:00+00:00,QF,,100,Argentina,Switzerland,43922,43971,ARG,SUI,400254717,Kansas City Stadium,Joao PINHEIRO,POR
101,400021541,289290,,2026-07-14T19:00:00+00:00,SF,,101,France,Spain,43946,43969,FRA,ESP,400257526,Dallas Stadium,Ivan BARTON,SLV
102,400021540,289290,,2026-07-15T19:00:00+00:00,SF,,102,England,Argentina,43942,43922,ENG,ARG,400098290,Atlanta Stadium,,
103,400021542,289291,,2026-07-18T21:00:00+00:00,3rd,,103,,,,,,,400257525,Miami Stadium,,
104,400021543,289292,,2026-07-19T19:00:00+00:00,Final,,104,,,,,,,400257536,New York/New Jersey Stadium,,
